application_id,student_id,company_id,job_id,recruitment_cycle,predicted_probability,predicted_status,actual_status
A00001,S1654,C014,J0263,2024,0.8063023686408997,1,1
A00002,S1423,C114,J0042,2024,0.13230180740356445,0,0
A00003,S0307,C058,J0256,2025,0.16538043320178986,0,0
A00004,S0445,C066,J0240,2024,0.8380703330039978,1,1
A00005,S0861,C040,J0038,2025,0.21249350905418396,0,0
A00006,S0859,C140,J0121,2025,0.32157742977142334,0,0
A00007,S0012,C123,J0019,2023,0.3134619891643524,0,1
A00008,S0194,C138,J0282,2023,0.9531580805778503,1,1
A00009,S0237,C049,J0297,2025,0.9719337821006775,1,1
A00010,S0612,C099,J0047,2026,0.9148515462875366,1,1
A00011,S0598,C070,J0013,2024,0.1425928771495819,0,0
A00012,S0151,C072,J0187,2023,0.06841164827346802,0,0
A00013,S0077,C001,J0180,2025,0.9605643153190613,1,1
A00014,S0784,C103,J0159,2026,0.04405133053660393,0,0
A00015,S0916,C133,J0218,2023,0.9753619432449341,1,1
A00016,S1623,C103,J0159,2026,0.8240082859992981,1,1
A00017,S1581,C050,J0265,2023,0.9742555022239685,1,1
A00018,S0398,C040,J0182,2024,0.23829063773155212,0,0
A00019,S1376,C078,J0210,2025,0.6684735417366028,1,1
A00020,S0291,C031,J0020,2026,0.7350162267684937,1,1
A00021,S0527,C130,J0299,2026,0.966513454914093,1,1
A00022,S1375,C091,J0061,2024,0.09865854680538177,0,0
A00023,S1295,C122,J0132,2025,0.8676194548606873,1,1
A00024,S1067,C085,J0255,2026,0.9256853461265564,1,1
A00025,S0548,C130,J0053,2024,0.9653321504592896,1,1
A00026,S1363,C140,J0121,2025,0.07171235978603363,0,0
A00027,S0242,C078,J0210,2025,0.8822352886199951,1,1
A00028,S0590,C117,J0037,2023,0.08660153299570084,0,0
A00029,S0636,C115,J0079,2026,0.9587349891662598,1,1
A00030,S1441,C103,J0159,2025,0.15231922268867493,0,0
A00031,S1626,C097,J0109,2026,0.17630791664123535,0,0
A00032,S0278,C137,J0300,2025,0.33327117562294006,0,0
A00033,S0586,C045,J0021,2024,0.7359809875488281,1,1
A00034,S0343,C130,J0225,2026,0.9752216339111328,1,1
A00035,S0942,C130,J0225,2024,0.9669768214225769,1,1
A00036,S0284,C043,J0221,2026,0.5296857357025146,1,0
A00037,S0277,C068,J0181,2026,0.7403475046157837,1,1
A00038,S1057,C097,J0109,2025,0.9470585584640503,1,1
A00039,S1030,C055,J0090,2025,0.9266447424888611,1,0
A00040,S0411,C005,J0056,2025,0.6292154788970947,1,0
A00041,S1065,C013,J0183,2023,0.8970270752906799,1,0
A00042,S0305,C125,J0073,2026,0.9366082549095154,1,1
A00043,S0901,C099,J0208,2023,0.25693970918655396,0,0
A00044,S1649,C108,J0292,2023,0.19947172701358795,0,0
A00045,S0887,C116,J0127,2024,0.08941513299942017,0,0
A00046,S0326,C093,J0083,2024,0.07509951293468475,0,0
A00047,S0702,C132,J0017,2023,0.7913830876350403,1,0
A00048,S0675,C032,J0138,2026,0.9721022844314575,1,1
A00049,S1128,C115,J0201,2026,0.9744016528129578,1,1
A00050,S1276,C007,J0261,2024,0.25234875082969666,0,0
A00051,S0349,C068,J0151,2023,0.08730924129486084,0,0
A00052,S1015,C010,J0131,2023,0.08980517089366913,0,0
A00053,S0950,C115,J0079,2026,0.7865984439849854,1,1
A00054,S0922,C025,J0170,2025,0.9611907601356506,1,1
A00055,S0186,C115,J0079,2026,0.06002262979745865,0,0
A00056,S0938,C052,J0101,2026,0.16067244112491608,0,0
A00057,S0209,C007,J0233,2024,0.9687236547470093,1,1
A00058,S0563,C125,J0073,2024,0.11749021708965302,0,0
A00059,S1411,C062,J0051,2024,0.14241524040699005,0,0
A00060,S1374,C097,J0064,2026,0.1414606273174286,0,1
A00061,S0403,C006,J0114,2026,0.12695838510990143,0,0
A00062,S0521,C123,J0019,2024,0.10565298795700073,0,0
A00063,S1062,C113,J0104,2025,0.47668200731277466,0,0
A00064,S0985,C082,J0158,2025,0.8872353434562683,1,0
A00065,S1351,C125,J0142,2025,0.8344677686691284,1,1
A00066,S1490,C082,J0158,2024,0.9728465676307678,1,1
A00067,S0759,C113,J0048,2024,0.6431585550308228,1,1
A00068,S0093,C058,J0229,2025,0.05646110698580742,0,0
A00069,S0958,C048,J0126,2025,0.4651600420475006,0,0
A00070,S0615,C011,J0012,2025,0.8509508371353149,1,0
A00071,S0598,C108,J0163,2025,0.1232730969786644,0,0
A00072,S0938,C075,J0165,2025,0.28105518221855164,0,0
A00073,S0555,C032,J0050,2025,0.2734047770500183,0,0
A00074,S1611,C030,J0269,2023,0.9647789001464844,1,1
A00075,S1283,C110,J0027,2026,0.08003536611795425,0,0
A00076,S0204,C125,J0142,2026,0.1942586600780487,0,0
A00077,S1338,C051,J0003,2026,0.9560143351554871,1,1
A00078,S1177,C028,J0076,2025,0.946664035320282,1,0
A00079,S0647,C137,J0032,2024,0.9724719524383545,1,1
A00080,S0574,C119,J0135,2025,0.193349227309227,0,0
A00081,S0333,C117,J0149,2024,0.9691275358200073,1,1
A00082,S1092,C078,J0026,2026,0.9712290167808533,1,1
A00083,S0019,C039,J0106,2026,0.20218060910701752,0,0
A00084,S0735,C059,J0014,2025,0.9656654000282288,1,1
A00085,S0596,C110,J0078,2025,0.648200511932373,1,1
A00086,S1192,C130,J0092,2024,0.9610389471054077,1,1
A00087,S0541,C017,J0262,2024,0.17200879752635956,0,0
A00088,S0740,C068,J0065,2024,0.9736818671226501,1,1
A00089,S1049,C070,J0013,2024,0.9694992899894714,1,1
A00090,S0292,C125,J0073,2024,0.967714250087738,1,1
A00091,S1205,C004,J0268,2025,0.642852783203125,1,1
A00092,S0360,C007,J0167,2026,0.9380643963813782,1,0
A00093,S0733,C005,J0056,2024,0.37873733043670654,0,1
A00094,S0981,C079,J0291,2025,0.9646266102790833,1,0
A00095,S0183,C011,J0253,2026,0.207473486661911,0,0
A00096,S0161,C078,J0232,2024,0.1548212170600891,0,0
A00097,S0323,C071,J0270,2024,0.0743289664387703,0,0
A00098,S0866,C089,J0266,2025,0.7159996032714844,1,1
A00099,S0836,C106,J0196,2026,0.9686992168426514,1,1
A00100,S0332,C028,J0242,2023,0.04568707197904587,0,0
A00101,S0121,C007,J0160,2024,0.044733136892318726,0,0
A00102,S0258,C027,J0213,2023,0.6516832113265991,1,0
A00103,S0674,C052,J0175,2023,0.9289202690124512,1,0
A00104,S0269,C119,J0251,2026,0.09555698931217194,0,0
A00105,S0152,C127,J0110,2023,0.9647383093833923,1,0
A00106,S0599,C033,J0189,2024,0.896934449672699,1,1
A00107,S1134,C073,J0120,2023,0.7617611289024353,1,1
A00108,S1056,C103,J0145,2024,0.48469430208206177,0,0
A00109,S0413,C001,J0180,2025,0.037301205098629,0,0
A00110,S1043,C103,J0145,2025,0.9701777696609497,1,1
A00111,S1491,C036,J0055,2024,0.11247173696756363,0,1
A00112,S0386,C099,J0208,2026,0.9589595794677734,1,1
A00113,S1366,C033,J0189,2025,0.8976909518241882,1,1
A00114,S1263,C052,J0175,2026,0.08744238317012787,0,1
A00115,S1217,C071,J0035,2026,0.9598308801651001,1,1
A00116,S0854,C093,J0161,2024,0.049546197056770325,0,0
A00117,S0975,C024,J0284,2023,0.9751503467559814,1,1
A00118,S1279,C001,J0040,2026,0.9700378775596619,1,1
A00119,S0964,C026,J0136,2026,0.9730481505393982,1,1
A00120,S0112,C059,J0014,2024,0.6449810862541199,1,1
A00121,S0954,C125,J0150,2026,0.9581353068351746,1,1
A00122,S1184,C007,J0233,2026,0.9458568096160889,1,1
A00123,S0448,C072,J0105,2026,0.9367669820785522,1,1
A00124,S0283,C049,J0052,2026,0.3977142572402954,0,0
A00125,S0993,C089,J0001,2024,0.7836236953735352,1,1
A00126,S1459,C119,J0251,2023,0.08736051619052887,0,0
A00127,S1433,C127,J0041,2026,0.969048023223877,1,1
A00128,S0679,C140,J0044,2023,0.06197873130440712,0,0
A00129,S1572,C113,J0193,2026,0.11930160969495773,0,0
A00130,S0098,C035,J0134,2026,0.9730643630027771,1,1
A00131,S0057,C048,J0126,2024,0.22885797917842865,0,0
A00132,S0086,C069,J0152,2024,0.32562631368637085,0,0
A00133,S1149,C070,J0013,2025,0.967740535736084,1,1
A00134,S1489,C133,J0218,2024,0.7798243761062622,1,1
A00135,S0231,C087,J0206,2024,0.9686253070831299,1,1
A00136,S0595,C117,J0102,2024,0.9243172407150269,1,1
A00137,S0689,C116,J0127,2023,0.9587026834487915,1,1
A00138,S0147,C068,J0260,2026,0.23841801285743713,0,0
A00139,S0273,C105,J0098,2025,0.90400630235672,1,1
A00140,S1558,C114,J0042,2026,0.9697108864784241,1,1
A00141,S0692,C108,J0292,2026,0.49599072337150574,0,0
A00142,S0270,C059,J0014,2023,0.10411657392978668,0,0
A00143,S1545,C104,J0148,2024,0.971004068851471,1,1
A00144,S1078,C108,J0085,2026,0.07232525944709778,0,0
A00145,S1388,C025,J0002,2024,0.0608588308095932,0,0
A00146,S1090,C122,J0132,2025,0.9022266864776611,1,1
A00147,S0976,C024,J0284,2025,0.9636635184288025,1,1
A00148,S0934,C093,J0083,2023,0.9671863317489624,1,1
A00149,S0466,C065,J0184,2024,0.0734957903623581,0,0
A00150,S0098,C022,J0238,2025,0.9755094647407532,1,1
A00151,S1452,C113,J0193,2024,0.8035901784896851,1,1
A00152,S0140,C124,J0176,2023,0.09513762593269348,0,1
A00153,S1099,C128,J0285,2026,0.5909432172775269,1,1
A00154,S0472,C137,J0157,2023,0.1384807974100113,0,0
A00155,S0465,C046,J0028,2026,0.9712620973587036,1,1
A00156,S0754,C013,J0183,2023,0.9473305344581604,1,1
A00157,S0720,C079,J0022,2025,0.8067612051963806,1,0
A00158,S0098,C020,J0204,2026,0.975047767162323,1,1
A00159,S1032,C061,J0043,2026,0.9553921818733215,1,1
A00160,S1324,C013,J0185,2025,0.15002746880054474,0,0
A00161,S1172,C085,J0089,2026,0.4530387222766876,0,0
A00162,S0759,C059,J0045,2023,0.9287193417549133,1,1
A00163,S0829,C128,J0084,2026,0.07574747502803802,0,0
A00164,S0059,C077,J0287,2026,0.3994881808757782,0,0
A00165,S0631,C021,J0273,2023,0.3129718005657196,0,1
A00166,S1090,C137,J0087,2025,0.9718976616859436,1,1
A00167,S1605,C069,J0186,2023,0.298119455575943,0,0
A00168,S0395,C105,J0098,2025,0.8888184428215027,1,1
A00169,S0017,C124,J0059,2026,0.559533417224884,1,1
A00170,S0826,C108,J0234,2025,0.13051261007785797,0,0
A00171,S1589,C002,J0211,2026,0.8690747022628784,1,1
A00172,S1521,C030,J0054,2026,0.943794310092926,1,1
A00173,S0675,C109,J0156,2026,0.9608794450759888,1,1
A00174,S0409,C027,J0213,2023,0.7103350758552551,1,0
A00175,S0816,C122,J0088,2026,0.9667136073112488,1,1
A00176,S0804,C058,J0256,2025,0.6854734420776367,1,0
A00177,S0646,C108,J0292,2025,0.11700673401355743,0,0
A00178,S0186,C057,J0289,2026,0.04877088963985443,0,0
A00179,S1428,C091,J0248,2026,0.865294873714447,1,1
A00180,S1352,C116,J0139,2025,0.29316797852516174,0,0
A00181,S0253,C121,J0140,2026,0.11068582534790039,0,0
A00182,S1565,C130,J0225,2025,0.31263837218284607,0,1
A00183,S1176,C127,J0067,2023,0.08690012246370316,0,0
A00184,S0883,C115,J0201,2026,0.9300105571746826,1,1
A00185,S0847,C089,J0001,2024,0.9773637056350708,1,1
A00186,S0714,C071,J0270,2026,0.9228876829147339,1,1
A00187,S0214,C125,J0073,2024,0.19350583851337433,0,1
A00188,S0320,C074,J0239,2025,0.4544311463832855,0,1
A00189,S0811,C024,J0284,2025,0.9743613600730896,1,1
A00190,S0709,C129,J0252,2026,0.9564211368560791,1,1
A00191,S0071,C111,J0125,2025,0.9517385959625244,1,0
A00192,S1538,C073,J0293,2025,0.9446509480476379,1,1
A00193,S1274,C052,J0175,2024,0.11365386098623276,0,1
A00194,S1031,C123,J0019,2025,0.22181062400341034,0,0
A00195,S0017,C018,J0205,2024,0.8127595782279968,1,0
A00196,S0027,C108,J0163,2026,0.9514338970184326,1,1
A00197,S0292,C091,J0082,2026,0.9686001539230347,1,1
A00198,S0299,C036,J0055,2026,0.18460945785045624,0,1
A00199,S1519,C028,J0242,2026,0.13312384486198425,0,0
A00200,S0722,C059,J0177,2024,0.9728959798812866,1,1
A00201,S1147,C013,J0198,2026,0.2465551793575287,0,0
A00202,S1642,C125,J0150,2025,0.8721234202384949,1,0
A00203,S1221,C051,J0003,2023,0.06875848025083542,0,0
A00204,S1337,C075,J0072,2025,0.977018415927887,1,1
A00205,S1523,C039,J0106,2023,0.9719597101211548,1,0
A00206,S0662,C079,J0294,2023,0.12477732449769974,0,0
A00207,S1040,C069,J0152,2025,0.889134407043457,1,0
A00208,S0056,C113,J0190,2025,0.9725282788276672,1,1
A00209,S0564,C079,J0022,2026,0.179273322224617,0,1
A00210,S0308,C051,J0141,2026,0.9125865697860718,1,1
A00211,S1459,C032,J0138,2026,0.21438221633434296,0,0
A00212,S1439,C116,J0046,2024,0.9223150014877319,1,1
A00213,S1362,C030,J0269,2023,0.9423943161964417,1,1
A00214,S0840,C024,J0284,2026,0.978365421295166,1,1
A00215,S0725,C140,J0033,2025,0.9766775369644165,1,1
A00216,S0135,C085,J0089,2023,0.7638878226280212,1,0
A00217,S1110,C005,J0056,2026,0.085001140832901,0,0
A00218,S0173,C001,J0180,2025,0.09439710527658463,0,0
A00219,S1382,C116,J0139,2023,0.30320999026298523,0,0
A00220,S1510,C052,J0175,2026,0.04133730009198189,0,0
A00221,S0449,C111,J0077,2026,0.9701294898986816,1,1
A00222,S1254,C047,J0227,2026,0.06407608091831207,0,0
A00223,S1207,C085,J0089,2024,0.9013936519622803,1,1
A00224,S1170,C124,J0059,2023,0.8878529667854309,1,1
A00225,S1132,C061,J0043,2023,0.09959233552217484,0,0
A00226,S0032,C010,J0295,2024,0.24566031992435455,0,0
A00227,S1560,C068,J0276,2026,0.807319164276123,1,0
A00228,S0294,C021,J0273,2025,0.9751521348953247,1,1
A00229,S1357,C066,J0240,2026,0.9334020018577576,1,1
A00230,S1691,C078,J0232,2024,0.46762537956237793,0,0
A00231,S1044,C025,J0002,2025,0.06399565190076828,0,0
A00232,S0328,C108,J0085,2023,0.9689010977745056,1,1
A00233,S0746,C005,J0081,2026,0.9702852368354797,1,1
A00234,S0362,C001,J0040,2026,0.9304786920547485,1,1
A00235,S0586,C018,J0168,2025,0.38060349225997925,0,0
A00236,S0506,C117,J0102,2025,0.36070185899734497,0,0
A00237,S1080,C103,J0298,2025,0.7036385536193848,1,1
A00238,S0251,C005,J0081,2024,0.7758867144584656,1,1
A00239,S1322,C071,J0270,2025,0.8943449854850769,1,1
A00240,S0325,C140,J0133,2026,0.1261747032403946,0,0
A00241,S1085,C127,J0041,2025,0.0982259139418602,0,0
A00242,S0032,C122,J0119,2024,0.5344113707542419,1,0
A00243,S0890,C068,J0065,2024,0.9550943374633789,1,1
A00244,S0406,C018,J0146,2025,0.6072189807891846,1,1
A00245,S0490,C097,J0064,2023,0.8357025980949402,1,0
A00246,S0954,C060,J0222,2023,0.9613560438156128,1,1
A00247,S1012,C043,J0221,2023,0.9698558449745178,1,1
A00248,S0060,C003,J0103,2026,0.9216499328613281,1,1
A00249,S0757,C068,J0151,2024,0.8740415573120117,1,1
A00250,S0205,C071,J0035,2026,0.9689409136772156,1,1
A00251,S0653,C043,J0221,2023,0.06528861820697784,0,0
A00252,S1256,C074,J0005,2026,0.09302686154842377,0,0
A00253,S0874,C020,J0204,2024,0.9418141841888428,1,1
A00254,S1551,C051,J0244,2025,0.07487802952528,0,0
A00255,S1128,C132,J0017,2025,0.9691942930221558,1,1
A00256,S0878,C125,J0150,2024,0.9367977380752563,1,1
A00257,S1099,C068,J0178,2025,0.17826217412948608,0,0
A00258,S0458,C026,J0136,2025,0.9694731831550598,1,1
A00259,S0156,C127,J0067,2025,0.9606847763061523,1,1
A00260,S0013,C018,J0168,2026,0.10243841260671616,0,0
A00261,S1494,C003,J0099,2025,0.816428542137146,1,1
A00262,S0179,C128,J0231,2026,0.5333989262580872,1,0
A00263,S0450,C019,J0107,2024,0.7108199596405029,1,1
A00264,S1003,C022,J0030,2025,0.0756610706448555,0,0
A00265,S0117,C124,J0059,2023,0.7344735264778137,1,1
A00266,S1024,C055,J0090,2024,0.7140250205993652,1,1
A00267,S0843,C069,J0186,2024,0.20764991641044617,0,1
A00268,S0994,C137,J0300,2026,0.08774613589048386,0,0
A00269,S0987,C025,J0002,2026,0.7187865972518921,1,0
A00270,S0062,C073,J0120,2024,0.28443318605422974,0,0
A00271,S0692,C074,J0239,2026,0.4772554337978363,0,0
A00272,S0509,C102,J0023,2023,0.062026120722293854,0,0
A00273,S1104,C113,J0104,2025,0.4422909617424011,0,0
A00274,S1512,C027,J0213,2025,0.9644569158554077,1,1
A00275,S0732,C074,J0239,2025,0.24428847432136536,0,0
A00276,S0764,C093,J0083,2025,0.8788133859634399,1,1
A00277,S0896,C089,J0009,2024,0.9482990503311157,1,1
A00278,S0427,C136,J0029,2025,0.4824683666229248,0,0
A00279,S0399,C117,J0037,2026,0.9765971302986145,1,1
A00280,S1263,C125,J0116,2024,0.11923251301050186,0,0
A00281,S0182,C022,J0238,2025,0.9757646918296814,1,1
A00282,S1118,C108,J0234,2023,0.9600004553794861,1,1
A00283,S1641,C072,J0187,2025,0.07366889715194702,0,0
A00284,S0950,C057,J0016,2024,0.613151490688324,1,1
A00285,S1482,C018,J0144,2026,0.9569010734558105,1,1
A00286,S0617,C077,J0074,2024,0.9108768105506897,1,1
A00287,S0656,C128,J0285,2026,0.2756520211696625,0,0
A00288,S1535,C003,J0245,2024,0.3174991309642792,0,0
A00289,S1295,C062,J0051,2023,0.9636886715888977,1,1
A00290,S0846,C070,J0013,2026,0.9743003249168396,1,1
A00291,S1234,C028,J0242,2025,0.9707321524620056,1,1
A00292,S1565,C125,J0116,2026,0.3783084452152252,0,1
A00293,S1176,C112,J0272,2025,0.07181654870510101,0,1
A00294,S0587,C059,J0014,2026,0.9053534865379333,1,0
A00295,S0999,C010,J0295,2023,0.7585940361022949,1,1
A00296,S0134,C081,J0108,2026,0.9636296629905701,1,1
A00297,S1464,C028,J0024,2025,0.9457824230194092,1,1
A00298,S0001,C011,J0012,2024,0.9509720206260681,1,1
A00299,S1339,C078,J0210,2024,0.9376638531684875,1,1
A00300,S0681,C086,J0258,2026,0.9170255661010742,1,1
A00301,S1439,C068,J0260,2024,0.9633510708808899,1,1
A00302,S0938,C006,J0114,2025,0.16598917543888092,0,0
A00303,S0921,C120,J0025,2025,0.9714411497116089,1,1
A00304,S0097,C122,J0223,2025,0.09478972852230072,0,0
A00305,S1127,C048,J0202,2025,0.643548846244812,1,0
A00306,S0438,C128,J0231,2026,0.975498378276825,1,1
A00307,S1192,C018,J0168,2025,0.875775158405304,1,1
A00308,S1227,C003,J0103,2025,0.1364886611700058,0,0
A00309,S1387,C051,J0141,2025,0.9629606008529663,1,1
A00310,S0247,C111,J0077,2026,0.6017670631408691,1,1
A00311,S1552,C052,J0101,2025,0.3531043827533722,0,1
A00312,S0343,C057,J0289,2025,0.9738491177558899,1,1
A00313,S1106,C124,J0176,2024,0.13001951575279236,0,0
A00314,S1097,C040,J0038,2023,0.972217857837677,1,1
A00315,S0110,C108,J0234,2026,0.9414957165718079,1,1
A00316,S1491,C120,J0025,2023,0.15090538561344147,0,0
A00317,S0445,C125,J0116,2025,0.343186616897583,0,0
A00318,S1354,C130,J0225,2025,0.09661708772182465,0,1
A00319,S0323,C137,J0087,2026,0.0607638917863369,0,0
A00320,S0472,C069,J0152,2025,0.1040898859500885,0,0
A00321,S0827,C073,J0293,2024,0.9674659371376038,1,1
A00322,S1561,C111,J0195,2025,0.07158944010734558,0,0
A00323,S1292,C062,J0051,2026,0.941497266292572,1,0
A00324,S1122,C081,J0108,2025,0.4117653965950012,0,1
A00325,S0274,C028,J0015,2025,0.8288615942001343,1,1
A00326,S0734,C014,J0281,2026,0.8276553153991699,1,1
A00327,S1072,C114,J0042,2024,0.9720982313156128,1,1
A00328,S1277,C125,J0150,2025,0.8106937408447266,1,1
A00329,S1341,C124,J0176,2025,0.24953784048557281,0,0
A00330,S1371,C113,J0288,2025,0.9052455425262451,1,0
A00331,S1495,C128,J0084,2026,0.9539557695388794,1,1
A00332,S0441,C052,J0112,2023,0.3996170163154602,0,0
A00333,S1256,C096,J0060,2026,0.06545039266347885,0,0
A00334,S0914,C025,J0197,2025,0.921264111995697,1,1
A00335,S0814,C075,J0072,2024,0.9709530472755432,1,1
A00336,S0173,C129,J0124,2024,0.13242265582084656,0,0
A00337,S1433,C081,J0155,2026,0.9621663689613342,1,1
A00338,S0566,C111,J0077,2024,0.9562317728996277,1,1
A00339,S0586,C085,J0130,2023,0.2615565359592438,0,0
A00340,S1107,C130,J0092,2026,0.14836062490940094,0,0
A00341,S0004,C118,J0228,2024,0.9718785285949707,1,1
A00342,S0117,C013,J0198,2024,0.5809381604194641,1,0
A00343,S0664,C025,J0170,2026,0.9407411813735962,1,1
A00344,S1059,C018,J0010,2026,0.6211102604866028,1,1
A00345,S0500,C023,J0166,2025,0.06580587476491928,0,0
A00346,S1135,C129,J0230,2024,0.9731695055961609,1,1
A00347,S1473,C006,J0114,2025,0.0780908465385437,0,0
A00348,S0159,C087,J0206,2024,0.9704428315162659,1,1
A00349,S0463,C058,J0229,2026,0.11990176886320114,0,0
A00350,S1044,C051,J0141,2025,0.06464718282222748,0,0
A00351,S1122,C110,J0027,2024,0.841958224773407,1,1
A00352,S0295,C119,J0135,2026,0.19066980481147766,0,0
A00353,S0471,C121,J0140,2025,0.31743770837783813,0,0
A00354,S0552,C113,J0104,2026,0.2035200297832489,0,1
A00355,S0385,C059,J0045,2026,0.9022445678710938,1,1
A00356,S1418,C072,J0105,2023,0.43106675148010254,0,1
A00357,S1237,C003,J0103,2026,0.973681628704071,1,1
A00358,S0076,C074,J0005,2024,0.0795106366276741,0,0
A00359,S0253,C099,J0208,2026,0.13132452964782715,0,0
A00360,S1337,C045,J0243,2025,0.9779550433158875,1,1
A00361,S1100,C128,J0084,2025,0.12370093911886215,0,0
A00362,S0919,C119,J0135,2026,0.9605019092559814,1,1
A00363,S0532,C036,J0055,2025,0.9176051020622253,1,1
A00364,S1362,C108,J0085,2026,0.9077901244163513,1,1
A00365,S0104,C113,J0288,2026,0.23384493589401245,0,1
A00366,S0781,C085,J0089,2024,0.9260022640228271,1,1
A00367,S1193,C084,J0115,2023,0.6720894575119019,1,0
A00368,S1076,C014,J0281,2024,0.9780410528182983,1,1
A00369,S1623,C089,J0001,2024,0.9662971496582031,1,1
A00370,S0269,C112,J0272,2026,0.1233772411942482,0,0
A00371,S0847,C125,J0142,2023,0.969775915145874,1,1
A00372,S0377,C130,J0092,2025,0.13051491975784302,0,0
A00373,S0063,C068,J0276,2025,0.9736009240150452,1,1
A00374,S1508,C069,J0186,2025,0.17996454238891602,0,0
A00375,S1040,C004,J0268,2026,0.9496031403541565,1,1
A00376,S1700,C013,J0198,2026,0.8583679795265198,1,1
A00377,S1124,C115,J0201,2023,0.9670973420143127,1,1
A00378,S0015,C127,J0110,2025,0.9404852390289307,1,1
A00379,S1135,C112,J0264,2026,0.9730878472328186,1,1
A00380,S0115,C116,J0046,2024,0.10036139190196991,0,0
A00381,S0452,C131,J0173,2026,0.9597283005714417,1,1
A00382,S0961,C130,J0207,2026,0.9715373516082764,1,1
A00383,S0437,C032,J0138,2026,0.9552905559539795,1,1
A00384,S1698,C121,J0283,2023,0.1012011393904686,0,0
A00385,S0065,C077,J0199,2025,0.9546476006507874,1,1
A00386,S0491,C007,J0233,2024,0.19050851464271545,0,1
A00387,S1008,C081,J0093,2025,0.9735987782478333,1,1
A00388,S0864,C130,J0092,2024,0.8603528738021851,1,1
A00389,S1635,C057,J0016,2024,0.9488905668258667,1,1
A00390,S0958,C047,J0227,2024,0.8537160754203796,1,1
A00391,S0068,C122,J0119,2025,0.9687805771827698,1,1
A00392,S0859,C079,J0096,2026,0.41227686405181885,0,1
A00393,S0876,C066,J0259,2025,0.9648430347442627,1,1
A00394,S1503,C003,J0245,2026,0.09808140993118286,0,0
A00395,S0317,C068,J0260,2025,0.9038277864456177,1,1
A00396,S0072,C092,J0031,2024,0.9674724340438843,1,1
A00397,S1441,C058,J0229,2025,0.3547232747077942,0,0
A00398,S0307,C127,J0110,2026,0.0857963114976883,0,0
A00399,S0915,C013,J0118,2024,0.1447233408689499,0,1
A00400,S0841,C119,J0251,2026,0.549284815788269,1,0
A00401,S1004,C140,J0133,2023,0.09291043132543564,0,0
A00402,S0108,C032,J0050,2024,0.927043616771698,1,1
A00403,S1574,C039,J0106,2025,0.7035459876060486,1,1
A00404,S0605,C040,J0038,2025,0.9751607775688171,1,1
A00405,S0625,C129,J0124,2025,0.9105260372161865,1,0
A00406,S0203,C041,J0194,2025,0.24331533908843994,0,0
A00407,S0342,C043,J0221,2025,0.13408342003822327,0,1
A00408,S0698,C078,J0026,2025,0.1877961903810501,0,0
A00409,S0608,C089,J0266,2026,0.9742146730422974,1,1
A00410,S0177,C051,J0209,2026,0.10532750934362411,0,0
A00411,S1288,C028,J0024,2024,0.8844813108444214,1,0
A00412,S1148,C113,J0190,2023,0.07411901652812958,0,0
A00413,S1441,C059,J0014,2023,0.9521290063858032,1,1
A00414,S0808,C075,J0072,2023,0.9676937460899353,1,1
A00415,S0013,C119,J0135,2025,0.22010573744773865,0,0
A00416,S0889,C075,J0072,2024,0.059873808175325394,0,0
A00417,S1123,C112,J0272,2026,0.06779533624649048,0,0
A00418,S1464,C015,J0129,2024,0.972028374671936,1,1
A00419,S0876,C025,J0170,2026,0.9695724248886108,1,1
A00420,S1043,C130,J0207,2026,0.9734706878662109,1,1
A00421,S0583,C058,J0229,2026,0.16228745877742767,0,0
A00422,S0203,C123,J0019,2026,0.08577385544776917,0,0
A00423,S1695,C014,J0219,2026,0.23657335340976715,0,0
A00424,S0434,C093,J0083,2023,0.3103293478488922,0,1
A00425,S0580,C056,J0049,2026,0.9432281255722046,1,1
A00426,S0420,C073,J0008,2023,0.5303614735603333,1,0
A00427,S0864,C043,J0174,2025,0.5611757040023804,1,0
A00428,S0220,C048,J0066,2025,0.9602062702178955,1,1
A00429,S0078,C085,J0216,2025,0.8808578848838806,1,1
A00430,S1452,C128,J0285,2026,0.7936416268348694,1,0
A00431,S0598,C130,J0225,2026,0.09078960120677948,0,0
A00432,S0423,C127,J0110,2024,0.27726641297340393,0,0
A00433,S0425,C099,J0047,2025,0.3281746208667755,0,1
A00434,S1607,C104,J0148,2025,0.9549925923347473,1,1
A00435,S1629,C096,J0296,2025,0.06678823381662369,0,0
A00436,S1157,C097,J0109,2024,0.9585968255996704,1,1
A00437,S1204,C084,J0115,2026,0.9731836915016174,1,1
A00438,S0101,C001,J0040,2023,0.5301805138587952,1,1
A00439,S0136,C064,J0191,2024,0.37702158093452454,0,0
A00440,S0771,C063,J0162,2025,0.05371333286166191,0,0
A00441,S1670,C089,J0001,2024,0.6360371708869934,1,1
A00442,S0985,C060,J0222,2023,0.9452695846557617,1,1
A00443,S0005,C019,J0107,2024,0.06385020166635513,0,0
A00444,S0330,C037,J0143,2025,0.11766734719276428,0,0
A00445,S0663,C068,J0178,2023,0.6667643189430237,1,1
A00446,S1073,C003,J0103,2024,0.18621821701526642,0,0
A00447,S1300,C002,J0271,2025,0.9543343186378479,1,1
A00448,S1377,C120,J0025,2024,0.09834464639425278,0,0
A00449,S0833,C053,J0018,2025,0.97252357006073,1,1
A00450,S1492,C035,J0134,2025,0.3963802456855774,0,0
A00451,S1127,C013,J0183,2024,0.9554834961891174,1,1
A00452,S1103,C069,J0188,2025,0.860170841217041,1,0
A00453,S0829,C049,J0052,2024,0.1516023725271225,0,0
A00454,S1294,C136,J0237,2026,0.1586015820503235,0,0
A00455,S1560,C101,J0070,2025,0.5672599077224731,1,1
A00456,S0916,C069,J0188,2024,0.9750832319259644,1,1
A00457,S1643,C068,J0276,2023,0.22291810810565948,0,0
A00458,S0267,C013,J0118,2026,0.8432264924049377,1,0
A00459,S1294,C028,J0034,2024,0.08015485107898712,0,0
A00460,S0215,C070,J0058,2025,0.9686239361763,1,1
A00461,S1565,C081,J0108,2024,0.3050382137298584,0,1
A00462,S0082,C093,J0200,2025,0.1441202163696289,0,0
A00463,S0193,C003,J0245,2024,0.22458140552043915,0,0
A00464,S1057,C007,J0233,2026,0.9625453948974609,1,1
A00465,S1166,C102,J0179,2026,0.2106688916683197,0,0
A00466,S0826,C017,J0262,2026,0.13596802949905396,0,0
A00467,S0548,C081,J0155,2024,0.9454194903373718,1,1
A00468,S0931,C128,J0231,2026,0.9680203795433044,1,1
A00469,S0697,C115,J0079,2025,0.9478599429130554,1,1
A00470,S1553,C086,J0267,2025,0.0566515177488327,0,0
A00471,S1627,C129,J0230,2023,0.9191210269927979,1,1
A00472,S1139,C003,J0103,2026,0.2540254294872284,0,0
A00473,S1657,C103,J0298,2025,0.9722945094108582,1,1
A00474,S1576,C137,J0032,2026,0.31017130613327026,0,0
A00475,S0329,C113,J0288,2025,0.13422666490077972,0,0
A00476,S0178,C041,J0194,2026,0.09467322379350662,0,0
A00477,S1346,C087,J0206,2025,0.8078797459602356,1,1
A00478,S0701,C048,J0126,2024,0.10385511070489883,0,0
A00479,S0249,C018,J0144,2026,0.9709681272506714,1,1
A00480,S1041,C024,J0113,2025,0.9593822360038757,1,1
A00481,S0606,C024,J0113,2026,0.8508334755897522,1,1
A00482,S0216,C009,J0069,2025,0.8098967671394348,1,1
A00483,S0565,C005,J0081,2026,0.966866672039032,1,1
A00484,S1097,C054,J0039,2024,0.9722198843955994,1,1
A00485,S1014,C070,J0128,2025,0.5424010753631592,1,0
A00486,S1529,C013,J0185,2026,0.08009837567806244,0,0
A00487,S1035,C068,J0178,2025,0.04401403293013573,0,0
A00488,S1615,C034,J0036,2025,0.8948712348937988,1,0
A00489,S0797,C039,J0100,2025,0.5437698364257812,1,0
A00490,S0582,C001,J0040,2024,0.2281697541475296,0,0
A00491,S0259,C066,J0259,2024,0.9703705906867981,1,1
A00492,S1407,C024,J0113,2026,0.954171895980835,1,1
A00493,S0680,C051,J0209,2025,0.8655520081520081,1,0
A00494,S1362,C074,J0005,2024,0.9181615114212036,1,1
A00495,S1536,C051,J0209,2024,0.8616723418235779,1,1
A00496,S1378,C028,J0076,2025,0.09447234123945236,0,0
A00497,S0592,C032,J0138,2023,0.9233914613723755,1,1
A00498,S0966,C036,J0055,2026,0.4718380272388458,0,0
A00499,S0980,C011,J0253,2026,0.0690995380282402,0,0
A00500,S1338,C001,J0180,2024,0.9668520092964172,1,1
A00501,S1104,C070,J0128,2023,0.36202797293663025,0,0
A00502,S0563,C110,J0250,2026,0.7445999979972839,1,0
A00503,S1673,C130,J0225,2024,0.0497443825006485,0,0
A00504,S1035,C034,J0286,2025,0.04670858755707741,0,0
A00505,S1577,C007,J0233,2025,0.08342685550451279,0,0
A00506,S1368,C108,J0085,2024,0.299368679523468,0,0
A00507,S1454,C055,J0075,2023,0.1460004597902298,0,0
A00508,S0528,C102,J0179,2025,0.19210976362228394,0,0
A00509,S1233,C058,J0256,2024,0.5908610820770264,1,1
A00510,S0621,C063,J0203,2025,0.0711473599076271,0,0
A00511,S1674,C018,J0144,2025,0.3350851535797119,0,0
A00512,S1647,C106,J0196,2024,0.14217805862426758,0,0
A00513,S1019,C045,J0169,2025,0.9636226892471313,1,1
A00514,S1028,C125,J0154,2026,0.9636424779891968,1,1
A00515,S1689,C018,J0144,2023,0.9679740071296692,1,1
A00516,S0632,C056,J0049,2026,0.2340783029794693,0,0
A00517,S0586,C069,J0152,2026,0.5063782930374146,1,1
A00518,S0490,C032,J0138,2025,0.9652053117752075,1,1
A00519,S0476,C127,J0067,2024,0.13338464498519897,0,0
A00520,S0931,C034,J0086,2026,0.9650426506996155,1,1
A00521,S0012,C129,J0124,2025,0.7367869019508362,1,0
A00522,S0259,C021,J0273,2024,0.9703496694564819,1,1
A00523,S0985,C103,J0298,2024,0.93943852186203,1,0
A00524,S1583,C110,J0027,2026,0.9657723903656006,1,1
A00525,S1209,C018,J0168,2026,0.7532325387001038,1,1
A00526,S0348,C085,J0089,2026,0.966605544090271,1,1
A00527,S0210,C122,J0223,2026,0.10231423377990723,0,0
A00528,S0779,C140,J0121,2025,0.2648494839668274,0,0
A00529,S0645,C042,J0007,2026,0.9368113875389099,1,0
A00530,S0971,C047,J0227,2025,0.07624039053916931,0,0
A00531,S0045,C137,J0032,2024,0.9675939679145813,1,1
A00532,S1457,C072,J0187,2026,0.06915351003408432,0,0
A00533,S1544,C028,J0242,2024,0.6672085523605347,1,1
A00534,S0376,C113,J0288,2024,0.18245837092399597,0,0
A00535,S1086,C118,J0228,2025,0.08207427710294724,0,0
A00536,S1276,C115,J0201,2024,0.891247034072876,1,1
A00537,S0191,C018,J0146,2025,0.09275470674037933,0,0
A00538,S0367,C091,J0248,2025,0.9016036987304688,1,1
A00539,S0287,C059,J0177,2026,0.9240944981575012,1,0
A00540,S0499,C051,J0141,2025,0.5958462953567505,1,1
A00541,S1126,C111,J0077,2026,0.9544956684112549,1,0
A00542,S0161,C137,J0147,2026,0.2921158969402313,0,0
A00543,S0344,C105,J0098,2026,0.797784149646759,1,1
A00544,S0199,C137,J0157,2026,0.16818873584270477,0,0
A00545,S0095,C053,J0018,2026,0.9635023474693298,1,1
A00546,S0054,C051,J0244,2024,0.9761427640914917,1,1
A00547,S0845,C084,J0115,2024,0.4155024588108063,0,1
A00548,S0644,C137,J0300,2025,0.632434070110321,1,0
A00549,S0045,C124,J0176,2024,0.9173446893692017,1,1
A00550,S0252,C084,J0115,2023,0.9627820253372192,1,1
A00551,S0159,C015,J0129,2025,0.973629891872406,1,1
A00552,S0394,C091,J0082,2026,0.10566361248493195,0,0
A00553,S1095,C087,J0206,2024,0.09523967653512955,0,0
A00554,S1024,C089,J0009,2025,0.8687003254890442,1,0
A00555,S1292,C050,J0265,2023,0.9294602870941162,1,1
A00556,S1593,C045,J0169,2026,0.9579289555549622,1,1
A00557,S0314,C020,J0011,2025,0.7025505304336548,1,1
A00558,S1181,C117,J0102,2025,0.9639658331871033,1,1
A00559,S0228,C068,J0181,2026,0.06978528201580048,0,0
A00560,S0428,C033,J0189,2024,0.0679890513420105,0,0
A00561,S1307,C140,J0033,2024,0.0458454005420208,0,0
A00562,S1623,C015,J0129,2026,0.933077335357666,1,1
A00563,S0077,C055,J0075,2024,0.954062819480896,1,1
A00564,S0159,C016,J0257,2024,0.9686993360519409,1,1
A00565,S1485,C078,J0026,2026,0.7105160355567932,1,1
A00566,S0026,C075,J0072,2024,0.9766902327537537,1,1
A00567,S0572,C091,J0082,2024,0.1947040557861328,0,0
A00568,S0540,C036,J0055,2025,0.19561471045017242,0,0
A00569,S1369,C068,J0065,2026,0.9722842574119568,1,1
A00570,S1313,C014,J0263,2025,0.10360060632228851,0,0
A00571,S0191,C137,J0300,2023,0.0628005638718605,0,0
A00572,S0047,C117,J0102,2025,0.07272407412528992,0,0
A00573,S1538,C099,J0208,2026,0.8432891368865967,1,0
A00574,S0984,C017,J0071,2024,0.9311772584915161,1,1
A00575,S1150,C116,J0046,2025,0.09313121438026428,0,0
A00576,S0055,C085,J0255,2024,0.9739388227462769,1,1
A00577,S1379,C066,J0240,2024,0.09311029314994812,0,0
A00578,S0973,C081,J0093,2025,0.9721089601516724,1,1
A00579,S1349,C028,J0076,2025,0.9619224071502686,1,1
A00580,S0288,C117,J0149,2023,0.07085039466619492,0,0
A00581,S0802,C130,J0092,2026,0.14036011695861816,0,1
A00582,S1669,C112,J0272,2025,0.05277174338698387,0,0
A00583,S1445,C059,J0177,2025,0.9147073030471802,1,1
A00584,S0500,C128,J0231,2025,0.07794263958930969,0,0
A00585,S0573,C122,J0088,2026,0.2832992374897003,0,1
A00586,S0063,C127,J0067,2025,0.9656299352645874,1,1
A00587,S0185,C132,J0017,2023,0.6272165179252625,1,0
A00588,S0789,C110,J0027,2025,0.07847161591053009,0,0
A00589,S1408,C122,J0088,2023,0.07232999801635742,0,0
A00590,S0687,C024,J0284,2026,0.9605939984321594,1,1
A00591,S1313,C068,J0065,2024,0.15166249871253967,0,0
A00592,S1674,C078,J0210,2023,0.11146273463964462,0,0
A00593,S0318,C049,J0297,2025,0.13698215782642365,0,0
A00594,S0935,C028,J0076,2024,0.9700055718421936,1,1
A00595,S0519,C059,J0177,2024,0.9598251581192017,1,1
A00596,S0432,C073,J0008,2026,0.22666318714618683,0,0
A00597,S0193,C071,J0270,2024,0.7078299522399902,1,1
A00598,S0918,C129,J0124,2026,0.8719640374183655,1,0
A00599,S1189,C001,J0117,2025,0.055694278329610825,0,0
A00600,S1231,C060,J0222,2024,0.942646861076355,1,1
A00601,S1345,C051,J0003,2026,0.965402364730835,1,1
A00602,S1205,C040,J0182,2026,0.37833157181739807,0,1
A00603,S0306,C077,J0074,2025,0.7604666352272034,1,0
A00604,S1406,C072,J0105,2023,0.3369525074958801,0,1
A00605,S1131,C115,J0201,2025,0.10722914338111877,0,0
A00606,S0947,C060,J0222,2026,0.7243236303329468,1,1
A00607,S0121,C066,J0259,2024,0.07758572697639465,0,0
A00608,S1021,C122,J0119,2025,0.9543710947036743,1,1
A00609,S0044,C108,J0292,2025,0.9364081025123596,1,1
A00610,S1670,C081,J0155,2026,0.3000277876853943,0,1
A00611,S1276,C111,J0125,2024,0.8441480398178101,1,1
A00612,S1038,C140,J0133,2026,0.9762211441993713,1,1
A00613,S0996,C077,J0074,2024,0.5678284168243408,1,1
A00614,S1569,C022,J0030,2024,0.9722103476524353,1,1
A00615,S1487,C010,J0131,2024,0.4113815426826477,0,0
A00616,S0452,C073,J0293,2024,0.9410567283630371,1,1
A00617,S1064,C129,J0252,2023,0.8606747984886169,1,1
A00618,S0402,C004,J0268,2026,0.8212357759475708,1,1
A00619,S0613,C068,J0151,2026,0.08171398937702179,0,1
A00620,S0191,C003,J0245,2025,0.06990572810173035,0,0
A00621,S0930,C079,J0291,2025,0.820063054561615,1,0
A00622,S0129,C049,J0192,2026,0.19204042851924896,0,0
A00623,S0913,C081,J0236,2026,0.7827669978141785,1,1
A00624,S0151,C132,J0017,2023,0.09398164600133896,0,0
A00625,S1205,C023,J0166,2026,0.6892239451408386,1,1
A00626,S0536,C125,J0142,2023,0.9609814882278442,1,1
A00627,S0060,C125,J0150,2026,0.8711506724357605,1,1
A00628,S0144,C091,J0062,2025,0.9488000869750977,1,1
A00629,S1267,C100,J0247,2026,0.9279797077178955,1,1
A00630,S1020,C079,J0294,2024,0.9738928079605103,1,1
A00631,S1002,C022,J0030,2025,0.9705613255500793,1,1
A00632,S0304,C122,J0088,2026,0.16001483798027039,0,0
A00633,S1655,C003,J0099,2023,0.9194310903549194,1,1
A00634,S0089,C113,J0104,2024,0.916096031665802,1,1
A00635,S1575,C097,J0109,2023,0.08494085818529129,0,0
A00636,S0898,C122,J0279,2026,0.05377708747982979,0,0
A00637,S0804,C061,J0097,2025,0.14910386502742767,0,0
A00638,S1404,C068,J0181,2025,0.9262620806694031,1,1
A00639,S1423,C045,J0021,2023,0.17524710297584534,0,0
A00640,S1604,C061,J0097,2026,0.9707843661308289,1,1
A00641,S0865,C066,J0259,2024,0.8887024521827698,1,1
A00642,S1096,C081,J0093,2025,0.12248242646455765,0,1
A00643,S0449,C020,J0204,2024,0.9578893780708313,1,1
A00644,S0692,C059,J0014,2024,0.9442576169967651,1,1
A00645,S0409,C109,J0156,2026,0.6729835271835327,1,0
A00646,S1014,C068,J0178,2024,0.8127090930938721,1,1
A00647,S0885,C068,J0181,2023,0.15019871294498444,0,0
A00648,S0631,C055,J0249,2025,0.1134527251124382,0,0
A00649,S0043,C087,J0246,2024,0.119717076420784,0,0
A00650,S0670,C073,J0008,2023,0.1845395863056183,0,0
A00651,S0317,C036,J0055,2024,0.910195529460907,1,1
A00652,S1201,C065,J0184,2024,0.9707714319229126,1,1
A00653,S1486,C111,J0235,2025,0.9619075059890747,1,1
A00654,S1211,C130,J0092,2026,0.06246725097298622,0,0
A00655,S0741,C077,J0199,2023,0.947830080986023,1,1
A00656,S0455,C103,J0159,2025,0.9579687118530273,1,1
A00657,S0216,C011,J0012,2024,0.6171581745147705,1,1
A00658,S1379,C070,J0058,2026,0.061739157885313034,0,0
A00659,S0495,C116,J0127,2024,0.07458791136741638,0,0
A00660,S1631,C065,J0184,2024,0.9568937420845032,1,1
A00661,S1353,C053,J0018,2024,0.9754770398139954,1,1
A00662,S0586,C096,J0060,2026,0.38274163007736206,0,0
A00663,S0784,C088,J0123,2026,0.052755095064640045,0,0
A00664,S1244,C108,J0085,2024,0.07094399631023407,0,0
A00665,S0530,C111,J0235,2025,0.1613045036792755,0,0
A00666,S0458,C127,J0110,2026,0.9664861559867859,1,1
A00667,S0020,C018,J0010,2024,0.933717668056488,1,1
A00668,S1186,C062,J0051,2026,0.15611465275287628,0,0
A00669,S0970,C034,J0286,2025,0.5662633180618286,1,1
A00670,S1550,C071,J0270,2023,0.15706627070903778,0,0
A00671,S1258,C054,J0039,2024,0.06751728057861328,0,0
A00672,S0629,C002,J0271,2023,0.9396278262138367,1,1
A00673,S0679,C113,J0288,2025,0.07200124859809875,0,0
A00674,S1560,C102,J0179,2026,0.6998123526573181,1,0
A00675,S0804,C007,J0160,2025,0.18062907457351685,0,0
A00676,S0487,C137,J0300,2023,0.09314067661762238,0,0
A00677,S0510,C088,J0123,2026,0.08606701344251633,0,0
A00678,S0671,C075,J0072,2023,0.15579205751419067,0,0
A00679,S0138,C069,J0188,2026,0.142505943775177,0,0
A00680,S1556,C073,J0120,2025,0.9113655090332031,1,1
A00681,S0762,C045,J0243,2026,0.10042966902256012,0,0
A00682,S0147,C119,J0135,2026,0.3460961580276489,0,1
A00683,S0515,C048,J0212,2026,0.323276549577713,0,0
A00684,S1437,C085,J0130,2024,0.11094839125871658,0,0
A00685,S0399,C096,J0296,2026,0.9747992753982544,1,1
A00686,S1588,C066,J0259,2023,0.926884651184082,1,1
A00687,S1535,C110,J0250,2025,0.9283538460731506,1,1
A00688,S0075,C055,J0090,2024,0.13126657903194427,0,0
A00689,S0835,C004,J0268,2026,0.974030613899231,1,1
A00690,S0830,C125,J0116,2025,0.16442222893238068,0,0
A00691,S0318,C049,J0095,2024,0.11011817306280136,0,0
A00692,S1259,C140,J0133,2026,0.06929896026849747,0,0
A00693,S0204,C124,J0059,2025,0.5431228876113892,1,1
A00694,S1078,C032,J0138,2023,0.0964035838842392,0,0
A00695,S1299,C074,J0005,2024,0.19895656406879425,0,0
A00696,S1485,C108,J0085,2025,0.5251079797744751,1,1
A00697,S0890,C097,J0278,2026,0.6740545630455017,1,1
A00698,S0951,C003,J0099,2025,0.9382358193397522,1,0
A00699,S1246,C127,J0110,2025,0.9734510183334351,1,1
A00700,S0078,C016,J0257,2026,0.9534600377082825,1,1
A00701,S1496,C063,J0162,2023,0.9345816969871521,1,1
A00702,S1048,C121,J0140,2023,0.6178768873214722,1,1
A00703,S0054,C089,J0001,2024,0.977803111076355,1,1
A00704,S1214,C034,J0286,2024,0.7080022692680359,1,0
A00705,S1639,C049,J0095,2025,0.9767627120018005,1,1
A00706,S0725,C131,J0173,2026,0.9787100553512573,1,1
A00707,S0989,C069,J0153,2024,0.13549919426441193,0,0
A00708,S1437,C031,J0020,2026,0.1172628253698349,0,0
A00709,S1310,C013,J0183,2026,0.9761537909507751,1,1
A00710,S0454,C082,J0122,2025,0.9369282126426697,1,1
A00711,S0477,C092,J0031,2023,0.4257168769836426,0,0
A00712,S0917,C001,J0117,2023,0.818312406539917,1,1
A00713,S0910,C132,J0017,2024,0.9677633047103882,1,1
A00714,S0145,C077,J0287,2023,0.8963297009468079,1,1
A00715,S0007,C075,J0072,2025,0.265918493270874,0,0
A00716,S0893,C105,J0098,2026,0.9224303960800171,1,1
A00717,S1021,C091,J0062,2025,0.7188170552253723,1,1
A00718,S0158,C086,J0258,2026,0.9767169952392578,1,1
A00719,S0172,C049,J0095,2026,0.2020193189382553,0,0
A00720,S0750,C079,J0096,2023,0.2503822147846222,0,0
A00721,S1126,C053,J0018,2024,0.9482418298721313,1,1
A00722,S0064,C102,J0179,2025,0.9705864787101746,1,1
A00723,S0393,C073,J0008,2026,0.10334935039281845,0,0
A00724,S0711,C109,J0156,2026,0.9677369594573975,1,1
A00725,S0814,C089,J0009,2023,0.9723865985870361,1,1
A00726,S1095,C014,J0263,2025,0.07216314226388931,0,0
A00727,S1280,C088,J0123,2025,0.36270931363105774,0,0
A00728,S0881,C055,J0075,2025,0.07958096265792847,0,0
A00729,S0810,C102,J0179,2025,0.13939066231250763,0,0
A00730,S1399,C025,J0170,2023,0.9715119004249573,1,1
A00731,S0401,C068,J0065,2025,0.06454729288816452,0,0
A00732,S0750,C050,J0265,2025,0.6420488953590393,1,1
A00733,S0157,C043,J0174,2026,0.05987539514899254,0,0
A00734,S0375,C003,J0245,2026,0.9602817893028259,1,1
A00735,S1501,C135,J0172,2023,0.5141490697860718,1,0
A00736,S1162,C028,J0076,2026,0.9618772268295288,1,1
A00737,S1393,C030,J0269,2026,0.568678617477417,1,1
A00738,S1394,C070,J0013,2023,0.6253085732460022,1,1
A00739,S0595,C074,J0005,2025,0.8959364295005798,1,1
A00740,S0111,C111,J0077,2023,0.09621375799179077,0,0
A00741,S1411,C110,J0220,2026,0.14760757982730865,0,0
A00742,S1241,C129,J0252,2025,0.9662644863128662,1,1
A00743,S0053,C071,J0270,2025,0.5091034770011902,1,1
A00744,S0636,C111,J0235,2025,0.9613577723503113,1,1
A00745,S1615,C137,J0032,2025,0.5877330899238586,1,0
A00746,S1242,C128,J0111,2026,0.9743117690086365,1,1
A00747,S0988,C092,J0031,2024,0.9733386039733887,1,1
A00748,S0889,C116,J0046,2026,0.06079206243157387,0,0
A00749,S1042,C043,J0174,2025,0.06649327278137207,0,0
A00750,S1363,C110,J0250,2026,0.10040664672851562,0,0
A00751,S0874,C125,J0150,2023,0.9528440237045288,1,1
A00752,S0912,C013,J0118,2023,0.9662246704101562,1,1
A00753,S1419,C091,J0082,2025,0.6585087180137634,1,1
A00754,S0692,C122,J0279,2026,0.16882917284965515,0,0
A00755,S1170,C087,J0206,2023,0.8966265916824341,1,1
A00756,S0448,C009,J0069,2023,0.9699240326881409,1,1
A00757,S0720,C124,J0059,2025,0.8427959680557251,1,1
A00758,S0998,C073,J0293,2024,0.578043520450592,1,1
A00759,S0955,C007,J0167,2025,0.13014847040176392,0,0
A00760,S1515,C061,J0097,2026,0.09696011245250702,0,0
A00761,S0736,C068,J0181,2024,0.12728390097618103,0,0
A00762,S0704,C092,J0031,2025,0.09353072196245193,0,0
A00763,S0171,C033,J0189,2024,0.9383952617645264,1,1
A00764,S1088,C111,J0125,2026,0.9595558643341064,1,1
A00765,S0351,C096,J0296,2026,0.9557368159294128,1,1
A00766,S0027,C114,J0042,2023,0.810920774936676,1,1
A00767,S0495,C117,J0037,2024,0.0686158612370491,0,0
A00768,S1700,C002,J0271,2026,0.8893997669219971,1,1
A00769,S1449,C070,J0013,2024,0.9398942589759827,1,0
A00770,S1300,C001,J0117,2023,0.9717673659324646,1,1
A00771,S1197,C045,J0021,2026,0.18264669179916382,0,1
A00772,S0013,C136,J0237,2026,0.16849574446678162,0,0
A00773,S0600,C093,J0200,2025,0.5711121559143066,1,1
A00774,S1346,C048,J0066,2023,0.1695479303598404,0,0
A00775,S0740,C128,J0285,2024,0.959912896156311,1,1
A00776,S1460,C010,J0131,2025,0.5596853494644165,1,1
A00777,S0138,C119,J0251,2024,0.15426230430603027,0,0
A00778,S0856,C066,J0259,2024,0.5200676321983337,1,0
A00779,S0873,C074,J0239,2024,0.9596376419067383,1,1
A00780,S1407,C003,J0245,2026,0.8969201445579529,1,1
A00781,S0503,C113,J0288,2026,0.2124367505311966,0,1
A00782,S1619,C061,J0043,2023,0.9572715759277344,1,1
A00783,S0526,C130,J0299,2024,0.11847791820764542,0,0
A00784,S0118,C081,J0093,2024,0.3376639783382416,0,0
A00785,S1038,C079,J0291,2026,0.9767271876335144,1,1
A00786,S0781,C089,J0001,2024,0.934980034828186,1,1
A00787,S1692,C046,J0028,2026,0.9202581644058228,1,0
A00788,S1459,C074,J0094,2023,0.0812399834394455,0,0
A00789,S0476,C069,J0186,2025,0.2761934697628021,0,0
A00790,S1106,C039,J0100,2025,0.36009272933006287,0,1
A00791,S0753,C056,J0049,2026,0.9704134464263916,1,1
A00792,S0487,C131,J0173,2026,0.21623770892620087,0,1
A00793,S0216,C096,J0296,2026,0.6347018480300903,1,1
A00794,S0476,C025,J0197,2026,0.8410776853561401,1,1
A00795,S0014,C063,J0203,2024,0.3553342819213867,0,0
A00796,S1199,C082,J0158,2025,0.9498762488365173,1,1
A00797,S0493,C009,J0069,2023,0.09390238672494888,0,1
A00798,S0592,C101,J0070,2026,0.47980326414108276,0,1
A00799,S0249,C116,J0046,2026,0.9594994187355042,1,1
A00800,S1050,C078,J0026,2025,0.16258621215820312,0,1
A00801,S1523,C108,J0234,2026,0.9593867063522339,1,1
A00802,S0391,C025,J0197,2025,0.9740085601806641,1,1
A00803,S0971,C085,J0216,2024,0.06183261424303055,0,0
A00804,S1341,C015,J0129,2025,0.941022515296936,1,1
A00805,S1615,C002,J0211,2025,0.9462841153144836,1,1
A00806,S0706,C069,J0186,2026,0.6139780879020691,1,0
A00807,S0899,C073,J0008,2026,0.973000168800354,1,1
A00808,S1003,C108,J0163,2026,0.1331506073474884,0,0
A00809,S1329,C013,J0118,2026,0.9249695539474487,1,1
A00810,S1638,C137,J0157,2023,0.1020260900259018,0,0
A00811,S0777,C122,J0279,2024,0.5084906220436096,1,1
A00812,S0499,C091,J0061,2024,0.5847850441932678,1,1
A00813,S0055,C017,J0262,2025,0.9751399159431458,1,1
A00814,S0780,C001,J0180,2025,0.169876366853714,0,0
A00815,S0991,C113,J0104,2026,0.9777642488479614,1,1
A00816,S0736,C122,J0223,2025,0.5095494389533997,1,0
A00817,S1535,C110,J0078,2023,0.3193931579589844,0,0
A00818,S1060,C104,J0148,2024,0.4290987551212311,0,0
A00819,S1133,C077,J0287,2026,0.19865290820598602,0,0
A00820,S0505,C122,J0223,2026,0.9775281548500061,1,1
A00821,S0758,C101,J0070,2026,0.8282965421676636,1,1
A00822,S1106,C117,J0037,2025,0.5357374548912048,1,1
A00823,S0402,C056,J0164,2025,0.9239655137062073,1,1
A00824,S1549,C085,J0255,2026,0.9600496888160706,1,1
A00825,S1531,C025,J0170,2026,0.3193574547767639,0,0
A00826,S1066,C028,J0242,2026,0.17922748625278473,0,0
A00827,S1393,C077,J0199,2025,0.8319922089576721,1,1
A00828,S0035,C062,J0051,2025,0.8949878811836243,1,1
A00829,S0452,C113,J0104,2025,0.9348002076148987,1,1
A00830,S0786,C073,J0120,2025,0.08498875796794891,0,0
A00831,S1455,C097,J0064,2026,0.058625634759664536,0,0
A00832,S1218,C130,J0225,2024,0.1417846381664276,0,1
A00833,S0406,C103,J0159,2024,0.7176673412322998,1,1
A00834,S0352,C013,J0185,2026,0.9718343615531921,1,1
A00835,S0196,C078,J0026,2025,0.9517242312431335,1,1
A00836,S1042,C064,J0215,2024,0.0838945060968399,0,0
A00837,S1688,C140,J0044,2026,0.05655023083090782,0,0
A00838,S0139,C130,J0207,2025,0.9676623940467834,1,1
A00839,S0614,C103,J0159,2024,0.8084385395050049,1,1
A00840,S0214,C018,J0144,2023,0.6857067942619324,1,0
A00841,S0172,C087,J0068,2026,0.25351783633232117,0,0
A00842,S0744,C001,J0040,2026,0.18174675107002258,0,0
A00843,S1116,C077,J0287,2026,0.9323752522468567,1,0
A00844,S0275,C034,J0286,2024,0.8988221287727356,1,0
A00845,S1603,C051,J0209,2025,0.5473618507385254,1,0
A00846,S0834,C115,J0079,2024,0.9153773784637451,1,1
A00847,S0686,C030,J0054,2025,0.8806851506233215,1,1
A00848,S1076,C073,J0120,2024,0.9771841764450073,1,1
A00849,S1490,C130,J0299,2023,0.9736782312393188,1,1
A00850,S1029,C123,J0019,2025,0.10555250197649002,0,0
A00851,S0801,C084,J0115,2026,0.1369844228029251,0,0
A00852,S0200,C114,J0042,2024,0.3393598198890686,0,0
A00853,S0335,C007,J0160,2024,0.06073586270213127,0,0
A00854,S0432,C077,J0287,2025,0.2768665850162506,0,0
A00855,S1157,C068,J0181,2023,0.9687293171882629,1,1
A00856,S0642,C069,J0188,2023,0.9706738591194153,1,1
A00857,S0598,C048,J0212,2026,0.0780508816242218,0,0
A00858,S1033,C102,J0023,2026,0.09990877658128738,0,0
A00859,S0395,C091,J0248,2024,0.6276573538780212,1,0
A00860,S0680,C064,J0191,2024,0.6361727714538574,1,0
A00861,S1145,C003,J0099,2025,0.9627490043640137,1,1
A00862,S0441,C005,J0056,2024,0.5312879085540771,1,1
A00863,S1096,C022,J0030,2025,0.1326940506696701,0,0
A00864,S0600,C127,J0067,2026,0.5367733240127563,1,1
A00865,S0895,C050,J0265,2025,0.9605643153190613,1,1
A00866,S0920,C137,J0147,2025,0.9357816576957703,1,1
A00867,S0212,C052,J0112,2025,0.07627760618925095,0,0
A00868,S0485,C111,J0077,2024,0.47928324341773987,0,1
A00869,S0698,C036,J0275,2025,0.4587048888206482,0,1
A00870,S0950,C021,J0290,2026,0.6423454880714417,1,1
A00871,S1136,C122,J0223,2023,0.9277747273445129,1,1
A00872,S1495,C069,J0152,2023,0.7710204124450684,1,0
A00873,S0587,C113,J0193,2024,0.30638065934181213,0,0
A00874,S0711,C004,J0268,2023,0.9687761068344116,1,1
A00875,S0352,C018,J0146,2025,0.9670512676239014,1,1
A00876,S0748,C007,J0261,2024,0.10211378335952759,0,0
A00877,S0211,C137,J0300,2026,0.06141089275479317,0,0
A00878,S1623,C062,J0051,2026,0.9612886905670166,1,1
A00879,S0454,C111,J0235,2023,0.9552350044250488,1,1
A00880,S0279,C048,J0066,2024,0.10140339285135269,0,0
A00881,S0883,C054,J0039,2024,0.3723365366458893,0,0
A00882,S0077,C111,J0125,2024,0.9549570083618164,1,1
A00883,S1580,C091,J0062,2024,0.2724210023880005,0,0
A00884,S1416,C060,J0222,2026,0.8966046571731567,1,0
A00885,S0684,C059,J0226,2025,0.12696796655654907,0,0
A00886,S1065,C122,J0223,2023,0.3393198847770691,0,0
A00887,S0109,C011,J0253,2024,0.8119592666625977,1,1
A00888,S0263,C103,J0145,2026,0.9653420448303223,1,1
A00889,S0283,C034,J0086,2023,0.1568034291267395,0,0
A00890,S0550,C074,J0239,2026,0.9577734470367432,1,1
A00891,S1531,C081,J0093,2025,0.09533175826072693,0,0
A00892,S1072,C030,J0269,2023,0.9725625514984131,1,1
A00893,S1350,C013,J0118,2025,0.891994297504425,1,0
A00894,S0882,C116,J0139,2025,0.40168264508247375,0,1
A00895,S0177,C003,J0245,2023,0.09978368133306503,0,0
A00896,S0716,C069,J0152,2025,0.962611734867096,1,1
A00897,S1263,C005,J0081,2025,0.11007585376501083,0,0
A00898,S1361,C049,J0052,2025,0.963658332824707,1,1
A00899,S0815,C125,J0154,2025,0.09084642678499222,0,1
A00900,S1534,C068,J0065,2023,0.6802659034729004,1,1
A00901,S1196,C079,J0294,2026,0.2247183471918106,0,0
A00902,S1238,C066,J0240,2023,0.12682440876960754,0,0
A00903,S0497,C052,J0101,2024,0.07072871178388596,0,0
A00904,S1386,C036,J0055,2025,0.8943668007850647,1,0
A00905,S0813,C138,J0282,2024,0.06923265010118484,0,0
A00906,S1603,C034,J0286,2023,0.6944018602371216,1,1
A00907,S0324,C133,J0218,2025,0.9601041078567505,1,1
A00908,S0412,C057,J0016,2025,0.06517266482114792,0,0
A00909,S0737,C082,J0122,2024,0.9395514726638794,1,1
A00910,S0327,C010,J0131,2023,0.942572832107544,1,1
A00911,S1690,C071,J0035,2025,0.06161566451191902,0,0
A00912,S0321,C113,J0193,2026,0.2109455168247223,0,0
A00913,S1168,C111,J0077,2026,0.9699410796165466,1,1
A00914,S1458,C068,J0065,2026,0.9314650893211365,1,0
A00915,S1237,C041,J0194,2026,0.9696686267852783,1,1
A00916,S1482,C113,J0193,2024,0.951509952545166,1,1
A00917,S1075,C111,J0077,2026,0.9566426277160645,1,1
A00918,S0149,C036,J0275,2024,0.6405981779098511,1,1
A00919,S1284,C032,J0138,2026,0.6379613876342773,1,0
A00920,S1467,C099,J0208,2025,0.20490969717502594,0,1
A00921,S0556,C048,J0126,2026,0.8921522498130798,1,0
A00922,S0883,C021,J0273,2026,0.6434424519538879,1,1
A00923,S1081,C043,J0174,2024,0.48172837495803833,0,1
A00924,S0499,C082,J0158,2026,0.10609105974435806,0,0
A00925,S1197,C019,J0107,2026,0.15747007727622986,0,0
A00926,S1644,C030,J0054,2026,0.6276019811630249,1,1
A00927,S1421,C137,J0300,2026,0.9726048707962036,1,1
A00928,S0428,C091,J0082,2025,0.07795405387878418,0,0
A00929,S0960,C093,J0200,2024,0.636601448059082,1,0
A00930,S1616,C091,J0061,2024,0.9642791748046875,1,1
A00931,S0125,C091,J0061,2025,0.8816826343536377,1,1
A00932,S1177,C032,J0050,2023,0.9270182847976685,1,1
A00933,S0457,C005,J0004,2023,0.13500547409057617,0,0
A00934,S0848,C074,J0239,2026,0.4854449927806854,0,0
A00935,S0815,C071,J0270,2025,0.10682334005832672,0,0
A00936,S0267,C005,J0004,2026,0.4555865228176117,0,0
A00937,S0611,C115,J0201,2026,0.9670698046684265,1,1
A00938,S1120,C092,J0031,2025,0.9254285097122192,1,1
A00939,S0715,C081,J0236,2024,0.0441962406039238,0,0
A00940,S1094,C060,J0222,2025,0.9733018279075623,1,1
A00941,S1437,C009,J0069,2025,0.09185735136270523,0,0
A00942,S1565,C070,J0013,2026,0.9025642275810242,1,1
A00943,S0619,C140,J0121,2024,0.9330644607543945,1,1
A00944,S0742,C049,J0052,2025,0.9694185853004456,1,1
A00945,S0705,C130,J0092,2026,0.16832591593265533,0,0
A00946,S1138,C051,J0244,2025,0.07027966529130936,0,0
A00947,S0418,C064,J0215,2024,0.970069169998169,1,1
A00948,S0234,C012,J0091,2023,0.9775902628898621,1,1
A00949,S1593,C041,J0194,2024,0.9633275270462036,1,1
A00950,S0914,C019,J0107,2025,0.37206733226776123,0,0
A00951,S0149,C124,J0176,2026,0.1281982660293579,0,0
A00952,S1271,C129,J0080,2024,0.9748206734657288,1,1
A00953,S1143,C023,J0166,2026,0.9297744035720825,1,1
A00954,S1370,C111,J0077,2025,0.9652098417282104,1,1
A00955,S1083,C049,J0192,2026,0.9648534655570984,1,1
A00956,S1202,C136,J0254,2026,0.1689434051513672,0,0
A00957,S0508,C024,J0113,2026,0.9237750172615051,1,1
A00958,S0169,C077,J0287,2025,0.19357062876224518,0,1
A00959,S0522,C014,J0263,2025,0.9740133285522461,1,1
A00960,S0200,C048,J0066,2025,0.5304041504859924,1,0
A00961,S1023,C007,J0160,2026,0.9596638679504395,1,1
A00962,S0745,C028,J0242,2025,0.07039214670658112,0,0
A00963,S0153,C056,J0049,2024,0.9179542064666748,1,1
A00964,S1628,C001,J0040,2026,0.08633275330066681,0,0
A00965,S0175,C051,J0209,2024,0.4132636785507202,0,1
A00966,S0312,C041,J0194,2025,0.870865523815155,1,0
A00967,S0123,C111,J0195,2024,0.968887984752655,1,1
A00968,S1545,C130,J0299,2026,0.9650627374649048,1,0
A00969,S1024,C072,J0187,2023,0.6860243082046509,1,1
A00970,S0571,C125,J0116,2026,0.9752716422080994,1,1
A00971,S0080,C045,J0169,2024,0.9720536470413208,1,1
A00972,S0487,C110,J0078,2025,0.09191030263900757,0,0
A00973,S1247,C122,J0279,2023,0.6580514311790466,1,1
A00974,S0260,C096,J0296,2025,0.7074262499809265,1,1
A00975,S1102,C115,J0201,2025,0.11448805034160614,0,0
A00976,S1178,C016,J0257,2026,0.09489274024963379,0,1
A00977,S1013,C066,J0259,2026,0.12125114351511002,0,0
A00978,S1121,C089,J0009,2024,0.971895158290863,1,1
A00979,S0820,C082,J0158,2023,0.9693480134010315,1,1
A00980,S1002,C047,J0227,2023,0.9711595177650452,1,1
A00981,S1332,C025,J0197,2025,0.9524414539337158,1,1
A00982,S0261,C122,J0279,2026,0.06406863778829575,0,1
A00983,S1541,C068,J0151,2026,0.9241968989372253,1,1
A00984,S1236,C039,J0106,2026,0.1372743844985962,0,0
A00985,S0109,C140,J0133,2024,0.902001142501831,1,1
A00986,S0393,C097,J0278,2025,0.09768210351467133,0,0
A00987,S1348,C077,J0074,2026,0.8769187927246094,1,1
A00988,S0662,C103,J0298,2025,0.7332780361175537,1,1
A00989,S0485,C079,J0022,2024,0.1484808325767517,0,0
A00990,S0668,C085,J0089,2026,0.9612352848052979,1,1
A00991,S0698,C051,J0003,2026,0.2412562221288681,0,0
A00992,S0331,C122,J0223,2025,0.2330712527036667,0,1
A00993,S0421,C073,J0293,2026,0.07808362692594528,0,0
A00994,S0797,C091,J0248,2025,0.8432403206825256,1,0
A00995,S1498,C041,J0194,2025,0.14520981907844543,0,1
A00996,S1399,C091,J0082,2025,0.9702988266944885,1,1
A00997,S0332,C081,J0155,2026,0.05797148868441582,0,0
A00998,S0363,C136,J0029,2024,0.23959407210350037,0,0
A00999,S1428,C028,J0015,2024,0.9469650983810425,1,1
A01000,S1214,C016,J0257,2024,0.4982048571109772,0,0
A01001,S1437,C128,J0231,2025,0.11159302294254303,0,0
A01002,S1234,C111,J0195,2023,0.957040011882782,1,1
A01003,S0361,C081,J0236,2025,0.9664427638053894,1,1
A01004,S0545,C122,J0119,2026,0.8784526586532593,1,1
A01005,S0706,C012,J0091,2026,0.9063282608985901,1,1
A01006,S1558,C053,J0018,2025,0.969525933265686,1,1
A01007,S0230,C050,J0265,2024,0.9438971281051636,1,1
A01008,S0322,C025,J0197,2023,0.9658554196357727,1,1
A01009,S0945,C051,J0244,2026,0.08696999400854111,0,0
A01010,S0074,C096,J0296,2025,0.443182110786438,0,0
A01011,S0578,C055,J0090,2025,0.57115638256073,1,0
A01012,S1415,C045,J0021,2023,0.9318482875823975,1,1
A01013,S0922,C128,J0084,2025,0.8904867768287659,1,1
A01014,S1568,C086,J0258,2026,0.9415150284767151,1,1
A01015,S0361,C065,J0184,2026,0.9675448536872864,1,1
A01016,S0868,C046,J0028,2025,0.9329559206962585,1,1
A01017,S1536,C074,J0094,2025,0.5977216958999634,1,1
A01018,S1193,C078,J0232,2025,0.16382931172847748,0,0
A01019,S0562,C043,J0221,2026,0.12187529355287552,0,0
A01020,S0034,C058,J0229,2026,0.9056405425071716,1,1
A01021,S0638,C030,J0269,2024,0.15705657005310059,0,0
A01022,S0426,C074,J0094,2024,0.801852285861969,1,1
A01023,S0482,C097,J0278,2024,0.9335188865661621,1,0
A01024,S0330,C109,J0217,2023,0.1485164612531662,0,0
A01025,S0010,C136,J0254,2026,0.9009319543838501,1,1
A01026,S1136,C064,J0215,2025,0.645412802696228,1,1
A01027,S0678,C116,J0046,2024,0.7924834489822388,1,1
A01028,S0829,C099,J0047,2023,0.08128533512353897,0,0
A01029,S1333,C114,J0042,2025,0.8286042809486389,1,1
A01030,S1403,C099,J0047,2025,0.7776155471801758,1,1
A01031,S0029,C138,J0282,2026,0.07629173994064331,0,0
A01032,S1125,C119,J0135,2024,0.9516161680221558,1,1
A01033,S1394,C122,J0171,2026,0.11007732152938843,0,0
A01034,S0810,C060,J0222,2025,0.07772350311279297,0,0
A01035,S0168,C070,J0128,2023,0.7972087264060974,1,1
A01036,S1281,C014,J0263,2025,0.1366117298603058,0,0
A01037,S0353,C064,J0215,2026,0.9587082266807556,1,1
A01038,S0188,C013,J0198,2025,0.9741076827049255,1,1
A01039,S0508,C110,J0078,2026,0.5981277823448181,1,0
A01040,S1311,C007,J0160,2025,0.12145126610994339,0,0
A01041,S0501,C040,J0038,2025,0.9425427913665771,1,1
A01042,S0009,C017,J0071,2023,0.9730442762374878,1,1
A01043,S1009,C071,J0035,2025,0.060667816549539566,0,0
A01044,S0662,C127,J0067,2025,0.2135988175868988,0,1
A01045,S0004,C055,J0090,2023,0.9760928153991699,1,1
A01046,S0469,C005,J0004,2025,0.1008344292640686,0,0
A01047,S0984,C077,J0287,2026,0.9429964423179626,1,0
A01048,S0547,C121,J0283,2024,0.9713444113731384,1,1
A01049,S1570,C051,J0003,2023,0.1442592591047287,0,0
A01050,S0177,C025,J0002,2025,0.10698433220386505,0,0
A01051,S0922,C079,J0022,2024,0.6763409376144409,1,0
A01052,S0743,C112,J0264,2024,0.7805139422416687,1,1
A01053,S0027,C138,J0282,2026,0.31318986415863037,0,0
A01054,S0220,C019,J0107,2025,0.9632899165153503,1,1
A01055,S1695,C128,J0111,2025,0.7005543112754822,1,0
A01056,S0783,C017,J0071,2024,0.6669433116912842,1,1
A01057,S0660,C118,J0228,2024,0.10384920239448547,0,0
A01058,S1064,C131,J0173,2026,0.9637190699577332,1,1
A01059,S0729,C136,J0029,2025,0.9545564651489258,1,1
A01060,S1368,C097,J0109,2024,0.1444433480501175,0,0
A01061,S0741,C078,J0210,2026,0.543683648109436,1,1
A01062,S0573,C122,J0119,2026,0.915048360824585,1,1
A01063,S0236,C028,J0034,2025,0.09289202839136124,0,0
A01064,S0170,C102,J0179,2024,0.9740116596221924,1,1
A01065,S1397,C115,J0079,2026,0.9465991258621216,1,1
A01066,S1163,C017,J0071,2024,0.06426751613616943,0,0
A01067,S0812,C063,J0162,2023,0.9488742351531982,1,1
A01068,S1213,C087,J0206,2026,0.2313084900379181,0,0
A01069,S0709,C056,J0049,2025,0.9250353574752808,1,1
A01070,S0064,C089,J0266,2024,0.9738442897796631,1,1
A01071,S1317,C017,J0071,2024,0.07614027708768845,0,0
A01072,S0574,C091,J0082,2023,0.3170152008533478,0,1
A01073,S0999,C045,J0169,2026,0.9002478122711182,1,1
A01074,S0188,C018,J0146,2024,0.9710626006126404,1,1
A01075,S0091,C108,J0234,2023,0.9701303839683533,1,1
A01076,S1656,C129,J0252,2024,0.9425579309463501,1,1
A01077,S0485,C007,J0233,2024,0.21334755420684814,0,1
A01078,S1125,C050,J0265,2025,0.938723087310791,1,0
A01079,S1044,C109,J0217,2026,0.06392283737659454,0,0
A01080,S1034,C136,J0237,2026,0.19817063212394714,0,1
A01081,S0453,C121,J0140,2026,0.952415406703949,1,1
A01082,S1000,C120,J0025,2026,0.2204495519399643,0,0
A01083,S1309,C048,J0202,2026,0.08921881765127182,0,0
A01084,S1098,C111,J0077,2026,0.9521639347076416,1,1
A01085,S0160,C024,J0113,2026,0.1918770670890808,0,0
A01086,S1249,C066,J0259,2023,0.11985775083303452,0,0
A01087,S0493,C066,J0240,2024,0.2195291668176651,0,0
A01088,S0255,C100,J0247,2025,0.058878108859062195,0,0
A01089,S0690,C079,J0022,2024,0.9602078199386597,1,1
A01090,S0576,C043,J0221,2026,0.5027745366096497,1,0
A01091,S0033,C068,J0276,2026,0.967420220375061,1,1
A01092,S0225,C069,J0152,2024,0.17741315066814423,0,0
A01093,S1648,C059,J0226,2023,0.10714851319789886,0,0
A01094,S1334,C018,J0146,2026,0.450064480304718,0,0
A01095,S1100,C115,J0201,2023,0.910722553730011,1,1
A01096,S1058,C079,J0291,2025,0.9755016565322876,1,1
A01097,S0858,C064,J0191,2024,0.44323232769966125,0,1
A01098,S0404,C123,J0019,2026,0.25031474232673645,0,0
A01099,S0720,C014,J0281,2023,0.956108570098877,1,1
A01100,S0434,C066,J0240,2025,0.796209454536438,1,0
A01101,S0098,C122,J0279,2024,0.9746345281600952,1,1
A01102,S1270,C021,J0273,2026,0.9199079871177673,1,1
A01103,S1566,C116,J0139,2026,0.339931845664978,0,1
A01104,S0356,C119,J0251,2025,0.9460476040840149,1,1
A01105,S1484,C116,J0139,2026,0.490040123462677,0,0
A01106,S1323,C045,J0169,2024,0.9676236510276794,1,1
A01107,S0719,C078,J0232,2024,0.7178407907485962,1,1
A01108,S1555,C097,J0109,2026,0.9119086861610413,1,0
A01109,S0059,C009,J0069,2025,0.26566773653030396,0,1
A01110,S0784,C130,J0299,2026,0.041243646293878555,0,0
A01111,S0089,C013,J0183,2026,0.9483521580696106,1,1
A01112,S1553,C130,J0299,2024,0.05409112200140953,0,0
A01113,S1512,C018,J0010,2025,0.9669607877731323,1,1
A01114,S0703,C022,J0030,2025,0.972288966178894,1,1
A01115,S0171,C051,J0244,2024,0.9552014470100403,1,1
A01116,S0182,C129,J0124,2026,0.9742774963378906,1,1
A01117,S0882,C101,J0070,2025,0.9163295030593872,1,1
A01118,S0139,C111,J0125,2026,0.96787428855896,1,1
A01119,S0349,C129,J0124,2025,0.18092206120491028,0,0
A01120,S1140,C086,J0258,2026,0.4619247615337372,0,0
A01121,S1561,C075,J0165,2024,0.10351530462503433,0,1
A01122,S0335,C127,J0041,2026,0.09636898338794708,0,0
A01123,S0889,C108,J0085,2024,0.08436715602874756,0,0
A01124,S0900,C114,J0042,2025,0.9353201985359192,1,1
A01125,S0116,C036,J0055,2026,0.577470600605011,1,1
A01126,S0973,C028,J0242,2026,0.9621362090110779,1,1
A01127,S0818,C021,J0273,2025,0.7186172008514404,1,1
A01128,S1641,C132,J0017,2025,0.06705322861671448,0,0
A01129,S1557,C096,J0060,2024,0.0974256619811058,0,0
A01130,S0737,C055,J0249,2023,0.4670397937297821,0,0
A01131,S0135,C001,J0040,2026,0.5508046746253967,1,1
A01132,S0815,C115,J0201,2025,0.11110258847475052,0,0
A01133,S1028,C084,J0115,2024,0.9618103504180908,1,1
A01134,S1164,C122,J0223,2024,0.9765309691429138,1,1
A01135,S0533,C071,J0270,2024,0.35370057821273804,0,0
A01136,S0731,C121,J0140,2023,0.8331915140151978,1,1
A01137,S1081,C115,J0079,2025,0.6416845917701721,1,1
A01138,S1381,C032,J0138,2026,0.8974930047988892,1,0
A01139,S0818,C019,J0107,2025,0.5337164402008057,1,1
A01140,S0314,C137,J0032,2026,0.6020715832710266,1,1
A01141,S0456,C106,J0196,2023,0.5844985246658325,1,1
A01142,S1675,C072,J0187,2024,0.9283696413040161,1,1
A01143,S0248,C127,J0067,2025,0.559811532497406,1,0
A01144,S0185,C108,J0234,2026,0.677330732345581,1,1
A01145,S0289,C129,J0080,2024,0.9708380699157715,1,1
A01146,S1697,C025,J0170,2023,0.4408089220523834,0,0
A01147,S1633,C136,J0254,2023,0.07848699390888214,0,0
A01148,S0453,C108,J0292,2026,0.8856455683708191,1,1
A01149,S1243,C003,J0099,2024,0.9565978050231934,1,1
A01150,S0989,C066,J0240,2026,0.19715671241283417,0,0
A01151,S1146,C057,J0016,2024,0.9650865793228149,1,1
A01152,S1302,C024,J0284,2023,0.4544864892959595,0,1
A01153,S0893,C017,J0262,2026,0.9302399158477783,1,1
A01154,S0847,C061,J0097,2026,0.9704581499099731,1,1
A01155,S1202,C061,J0097,2026,0.13633564114570618,0,0
A01156,S0117,C079,J0294,2026,0.2878572940826416,0,1
A01157,S1090,C112,J0264,2023,0.9728135466575623,1,1
A01158,S1662,C131,J0173,2025,0.8934861421585083,1,1
A01159,S0437,C021,J0273,2026,0.9647814631462097,1,1
A01160,S0972,C124,J0176,2026,0.05205487087368965,0,0
A01161,S0621,C129,J0124,2023,0.09863893687725067,0,0
A01162,S1210,C023,J0166,2025,0.08227750658988953,0,0
A01163,S0756,C130,J0225,2024,0.5749792456626892,1,0
A01164,S1438,C100,J0247,2024,0.9405147433280945,1,0
A01165,S0745,C140,J0133,2023,0.0716719850897789,0,0
A01166,S1127,C007,J0167,2026,0.9576289057731628,1,1
A01167,S0799,C057,J0016,2024,0.7776694297790527,1,1
A01168,S0291,C097,J0109,2024,0.1656235009431839,0,1
A01169,S0817,C062,J0051,2025,0.9032872915267944,1,0
A01170,S0318,C066,J0259,2023,0.17610469460487366,0,0
A01171,S0881,C018,J0146,2024,0.11653266102075577,0,0
A01172,S1013,C129,J0080,2025,0.1283707171678543,0,0
A01173,S1027,C113,J0190,2023,0.06934040039777756,0,0
A01174,S1602,C102,J0023,2023,0.9645689129829407,1,1
A01175,S0342,C046,J0028,2025,0.7561748027801514,1,1
A01176,S0306,C075,J0165,2025,0.9382563233375549,1,1
A01177,S1037,C140,J0033,2024,0.14070723950862885,0,0
A01178,S1321,C089,J0001,2024,0.9598807692527771,1,1
A01179,S1096,C026,J0136,2025,0.09600765258073807,0,0
A01180,S0187,C081,J0093,2023,0.3749641478061676,0,0
A01181,S1186,C138,J0282,2026,0.05747921019792557,0,0
A01182,S0015,C059,J0014,2024,0.9735837578773499,1,1
A01183,S0281,C019,J0107,2023,0.6525238752365112,1,1
A01184,S0691,C033,J0189,2024,0.05527454987168312,0,0
A01185,S0370,C109,J0217,2025,0.08853351324796677,0,0
A01186,S0102,C084,J0115,2025,0.9616538882255554,1,1
A01187,S0519,C020,J0011,2023,0.8794130086898804,1,1
A01188,S1077,C114,J0042,2024,0.6400449275970459,1,1
A01189,S1074,C091,J0061,2025,0.2998242676258087,0,0
A01190,S0294,C020,J0204,2024,0.9733548760414124,1,1
A01191,S0757,C099,J0208,2025,0.9189863204956055,1,1
A01192,S1545,C018,J0205,2023,0.9699212312698364,1,1
A01193,S0578,C087,J0068,2025,0.45103853940963745,0,1
A01194,S1190,C039,J0100,2024,0.3710324466228485,0,0
A01195,S0210,C130,J0092,2025,0.09918544441461563,0,0
A01196,S0920,C085,J0130,2026,0.9046702980995178,1,1
A01197,S1183,C082,J0158,2024,0.1612834483385086,0,0
A01198,S0969,C011,J0253,2023,0.551093339920044,1,1
A01199,S1135,C025,J0170,2026,0.9715708494186401,1,1
A01200,S0890,C091,J0061,2026,0.9565814137458801,1,1
A01201,S1284,C097,J0064,2024,0.08356278389692307,0,0
A01202,S1649,C120,J0025,2025,0.5364094972610474,1,0
A01203,S0321,C059,J0045,2025,0.6479746699333191,1,0
A01204,S0389,C028,J0242,2023,0.9677026867866516,1,1
A01205,S0465,C070,J0128,2026,0.9682175517082214,1,1
A01206,S0531,C120,J0137,2026,0.4966472089290619,0,0
A01207,S0586,C130,J0092,2023,0.7614615559577942,1,1
A01208,S0355,C140,J0121,2026,0.06281574815511703,0,0
A01209,S0224,C005,J0056,2026,0.2711215019226074,0,0
A01210,S1194,C041,J0194,2026,0.9663205146789551,1,1
A01211,S1164,C054,J0039,2024,0.9756435751914978,1,1
A01212,S0798,C070,J0128,2023,0.19066950678825378,0,0
A01213,S0398,C097,J0064,2026,0.09907873719930649,0,0
A01214,S0550,C003,J0099,2025,0.924568772315979,1,1
A01215,S0708,C096,J0296,2023,0.7922858595848083,1,1
A01216,S1686,C082,J0122,2025,0.7024930119514465,1,0
A01217,S0105,C073,J0120,2025,0.18171781301498413,0,0
A01218,S1407,C030,J0054,2025,0.9400794506072998,1,1
A01219,S0569,C032,J0050,2026,0.9663863182067871,1,1
A01220,S1544,C102,J0023,2026,0.8452911972999573,1,1
A01221,S0172,C123,J0019,2023,0.11169272661209106,0,1
A01222,S1635,C087,J0246,2023,0.965034544467926,1,1
A01223,S1599,C057,J0289,2025,0.8752433657646179,1,1
A01224,S1624,C129,J0252,2026,0.9645382165908813,1,1
A01225,S0668,C005,J0056,2025,0.9507257342338562,1,1
A01226,S1280,C140,J0133,2023,0.8792731761932373,1,1
A01227,S1221,C078,J0232,2024,0.055217668414115906,0,0
A01228,S0188,C032,J0050,2024,0.9742971658706665,1,1
A01229,S1629,C122,J0171,2024,0.13297174870967865,0,1
A01230,S1258,C072,J0105,2025,0.06258192658424377,0,0
A01231,S0759,C116,J0127,2026,0.17523428797721863,0,0
A01232,S0446,C052,J0112,2023,0.957622766494751,1,1
A01233,S0319,C114,J0042,2025,0.9590847492218018,1,0
A01234,S1390,C086,J0267,2026,0.949417233467102,1,1
A01235,S0458,C045,J0169,2023,0.9673531651496887,1,1
A01236,S0705,C111,J0125,2025,0.17692919075489044,0,0
A01237,S1431,C011,J0253,2024,0.2528649568557739,0,0
A01238,S1585,C017,J0071,2025,0.22722694277763367,0,0
A01239,S0382,C028,J0034,2025,0.8761947751045227,1,0
A01240,S0061,C004,J0268,2023,0.07001781463623047,0,0
A01241,S0870,C110,J0220,2026,0.8388740420341492,1,1
A01242,S0566,C106,J0196,2025,0.7258373498916626,1,0
A01243,S1665,C048,J0212,2024,0.9745673537254333,1,1
A01244,S0908,C114,J0042,2023,0.08496558666229248,0,0
A01245,S1535,C058,J0057,2024,0.7802227139472961,1,1
A01246,S1566,C032,J0050,2025,0.85768723487854,1,1
A01247,S1107,C032,J0138,2026,0.26068416237831116,0,0
A01248,S0968,C125,J0154,2024,0.13114701211452484,0,0
A01249,S1515,C045,J0243,2025,0.10888246446847916,0,1
A01250,S0283,C074,J0005,2026,0.11591406166553497,0,0
A01251,S0598,C079,J0022,2024,0.0903436541557312,0,0
A01252,S1050,C048,J0126,2024,0.12409374117851257,0,0
A01253,S1481,C069,J0186,2026,0.5064105987548828,1,0
A01254,S1273,C124,J0176,2024,0.08542230725288391,0,0
A01255,S0281,C015,J0129,2024,0.8598859310150146,1,0
A01256,S1289,C005,J0004,2026,0.9217728972434998,1,1
A01257,S1635,C117,J0149,2024,0.9621089696884155,1,1
A01258,S1656,C105,J0098,2025,0.943548858165741,1,1
A01259,S1495,C057,J0016,2025,0.8319069147109985,1,0
A01260,S0857,C079,J0096,2026,0.22388623654842377,0,0
A01261,S1660,C030,J0054,2025,0.8043306469917297,1,1
A01262,S1532,C140,J0133,2025,0.9742311835289001,1,1
A01263,S0060,C001,J0117,2026,0.8439663052558899,1,1
A01264,S0670,C074,J0005,2025,0.1057332307100296,0,0
A01265,S0909,C087,J0246,2025,0.0684930756688118,0,0
A01266,S0514,C087,J0246,2025,0.5803796052932739,1,0
A01267,S0929,C079,J0022,2024,0.651719868183136,1,0
A01268,S0155,C127,J0067,2026,0.5279494524002075,1,0
A01269,S1465,C097,J0109,2026,0.07022187858819962,0,0
A01270,S1371,C116,J0046,2023,0.45252007246017456,0,0
A01271,S0256,C103,J0145,2026,0.06381309032440186,0,0
A01272,S1648,C069,J0152,2025,0.06842176616191864,0,0
A01273,S0614,C007,J0261,2025,0.7593030333518982,1,1
A01274,S0593,C066,J0240,2024,0.9244272708892822,1,1
A01275,S1013,C114,J0042,2024,0.06576850265264511,0,0
A01276,S0546,C003,J0245,2024,0.9414634704589844,1,1
A01277,S0145,C057,J0289,2026,0.739515483379364,1,0
A01278,S0366,C128,J0084,2025,0.7132782340049744,1,0
A01279,S0715,C070,J0058,2023,0.04988135024905205,0,0
A01280,S0316,C140,J0121,2026,0.6857028007507324,1,1
A01281,S0665,C125,J0073,2026,0.24346961081027985,0,1
A01282,S0819,C058,J0256,2023,0.9601149559020996,1,1
A01283,S1381,C121,J0224,2025,0.18052053451538086,0,0
A01284,S0719,C131,J0173,2024,0.9682327508926392,1,1
A01285,S0517,C039,J0106,2023,0.9720085859298706,1,1
A01286,S0969,C023,J0166,2025,0.869970977306366,1,1
A01287,S0383,C118,J0228,2023,0.6928848624229431,1,0
A01288,S0295,C001,J0117,2026,0.21669252216815948,0,1
A01289,S0568,C137,J0157,2025,0.08213979750871658,0,0
A01290,S0679,C075,J0165,2026,0.1271989792585373,0,0
A01291,S0105,C083,J0274,2025,0.1634652465581894,0,0
A01292,S0753,C059,J0177,2026,0.9750789403915405,1,1
A01293,S0862,C050,J0277,2026,0.9728997349739075,1,1
A01294,S0949,C125,J0073,2023,0.594663679599762,1,1
A01295,S0139,C129,J0252,2025,0.971820056438446,1,1
A01296,S1610,C052,J0112,2024,0.648506224155426,1,1
A01297,S1281,C003,J0099,2026,0.12684865295886993,0,0
A01298,S0057,C110,J0220,2025,0.7513726353645325,1,0
A01299,S0094,C105,J0098,2024,0.9600797891616821,1,1
A01300,S0327,C102,J0006,2025,0.9257470965385437,1,1
A01301,S1356,C059,J0177,2024,0.9681318402290344,1,1
A01302,S1154,C045,J0169,2023,0.0766950324177742,0,0
A01303,S1309,C130,J0092,2026,0.1686408966779709,0,0
A01304,S1384,C034,J0086,2024,0.34476301074028015,0,0
A01305,S0788,C060,J0222,2025,0.2319963127374649,0,0
A01306,S0263,C105,J0098,2026,0.9702881574630737,1,1
A01307,S0330,C125,J0116,2024,0.18870538473129272,0,0
A01308,S0103,C137,J0087,2026,0.41202661395072937,0,0
A01309,S0336,C082,J0158,2026,0.07366716116666794,0,0
A01310,S0609,C048,J0202,2025,0.9363288879394531,1,1
A01311,S0822,C052,J0112,2024,0.09643342345952988,0,0
A01312,S0755,C124,J0241,2025,0.12291885167360306,0,0
A01313,S0315,C125,J0154,2025,0.14670871198177338,0,0
A01314,S0195,C116,J0139,2024,0.127155601978302,0,0
A01315,S1209,C061,J0043,2026,0.915998101234436,1,0
A01316,S0833,C099,J0208,2026,0.9518024325370789,1,1
A01317,S1280,C019,J0107,2026,0.8004154562950134,1,1
A01318,S0178,C130,J0053,2026,0.09015334397554398,0,0
A01319,S0417,C084,J0115,2026,0.2095809429883957,0,0
A01320,S0418,C060,J0222,2026,0.970343828201294,1,1
A01321,S1367,C074,J0239,2024,0.9730145931243896,1,1
A01322,S0251,C011,J0253,2024,0.27310171723365784,0,0
A01323,S1388,C034,J0286,2025,0.0586121529340744,0,0
A01324,S0513,C130,J0207,2025,0.8500509262084961,1,1
A01325,S1385,C033,J0189,2026,0.19202539324760437,0,0
A01326,S0014,C077,J0074,2024,0.1917797476053238,0,0
A01327,S1129,C137,J0032,2025,0.08342372626066208,0,0
A01328,S1096,C013,J0183,2024,0.13781830668449402,0,0
A01329,S1498,C014,J0219,2025,0.07986710965633392,0,0
A01330,S0098,C099,J0047,2025,0.9711083769798279,1,1
A01331,S0536,C056,J0049,2024,0.9440495371818542,1,1
A01332,S1217,C084,J0115,2026,0.9580652713775635,1,1
A01333,S0203,C028,J0015,2025,0.7972890138626099,1,0
A01334,S1619,C020,J0204,2023,0.915997326374054,1,0
A01335,S0080,C006,J0114,2024,0.9665865898132324,1,1
A01336,S0516,C003,J0103,2026,0.20474211871623993,0,0
A01337,S0622,C011,J0012,2026,0.052097734063863754,0,0
A01338,S0142,C068,J0178,2024,0.9450598955154419,1,1
A01339,S0712,C021,J0273,2025,0.0836058035492897,0,0
A01340,S1128,C120,J0137,2025,0.9736632108688354,1,1
A01341,S1580,C007,J0261,2026,0.2922605872154236,0,1
A01342,S0970,C125,J0116,2023,0.5181634426116943,1,0
A01343,S0973,C113,J0048,2024,0.9687383770942688,1,1
A01344,S1415,C060,J0222,2023,0.9728389978408813,1,1
A01345,S0383,C017,J0262,2025,0.6992144584655762,1,0
A01346,S0102,C013,J0185,2024,0.9697316288948059,1,1
A01347,S1664,C102,J0006,2025,0.8370792269706726,1,0
A01348,S1265,C128,J0285,2026,0.07732066512107849,0,0
A01349,S0188,C068,J0151,2024,0.9723047614097595,1,1
A01350,S1277,C119,J0135,2024,0.8241946697235107,1,0
A01351,S0726,C127,J0041,2024,0.16826213896274567,0,0
A01352,S1287,C022,J0238,2025,0.9719477891921997,1,1
A01353,S0144,C125,J0142,2026,0.9309247732162476,1,0
A01354,S0841,C074,J0094,2026,0.18190032243728638,0,0
A01355,S1490,C112,J0264,2025,0.9727132320404053,1,1
A01356,S0464,C002,J0211,2026,0.2543475031852722,0,0
A01357,S0111,C070,J0128,2026,0.06481655687093735,0,0
A01358,S0371,C137,J0032,2025,0.9730080366134644,1,1
A01359,S1529,C086,J0258,2024,0.10685092210769653,0,0
A01360,S1041,C021,J0273,2025,0.944299042224884,1,1
A01361,S0610,C119,J0251,2024,0.9278680086135864,1,1
A01362,S0537,C132,J0017,2026,0.8973777294158936,1,0
A01363,S0605,C033,J0189,2025,0.9729957580566406,1,1
A01364,S0552,C137,J0087,2024,0.15394018590450287,0,1
A01365,S1142,C108,J0163,2025,0.06955906003713608,0,0
A01366,S1176,C097,J0109,2025,0.09169960021972656,0,1
A01367,S0648,C103,J0159,2024,0.685030996799469,1,0
A01368,S0965,C140,J0121,2024,0.8745002746582031,1,1
A01369,S0802,C049,J0052,2025,0.8084539771080017,1,1
A01370,S0009,C079,J0291,2023,0.973207950592041,1,1
A01371,S0553,C001,J0117,2024,0.9766576290130615,1,1
A01372,S1129,C113,J0048,2023,0.10666593909263611,0,0
A01373,S0811,C035,J0134,2025,0.9522764682769775,1,1
A01374,S0617,C040,J0038,2024,0.9441348314285278,1,1
A01375,S0658,C079,J0291,2025,0.9606755971908569,1,1
A01376,S1448,C059,J0045,2025,0.09238098561763763,0,0
A01377,S1607,C111,J0195,2026,0.9596501588821411,1,1
A01378,S1691,C057,J0289,2025,0.42093127965927124,0,1
A01379,S0786,C074,J0239,2026,0.15908217430114746,0,0
A01380,S1373,C116,J0139,2024,0.955428421497345,1,1
A01381,S0540,C028,J0076,2023,0.23165962100028992,0,0
A01382,S0921,C068,J0276,2025,0.9685388803482056,1,1
A01383,S1613,C055,J0090,2025,0.3245028257369995,0,1
A01384,S0038,C124,J0059,2025,0.2231389731168747,0,0
A01385,S0932,C128,J0084,2023,0.9051600694656372,1,1
A01386,S0792,C056,J0164,2023,0.22545510530471802,0,0
A01387,S0405,C136,J0254,2026,0.9658767580986023,1,1
A01388,S0592,C121,J0224,2026,0.5059071183204651,1,1
A01389,S0502,C078,J0210,2023,0.10435527563095093,0,0
A01390,S0964,C117,J0102,2026,0.9715749025344849,1,1
A01391,S1490,C077,J0074,2024,0.9450271129608154,1,0
A01392,S1697,C096,J0296,2026,0.07582703232765198,0,0
A01393,S0504,C059,J0014,2025,0.8261154294013977,1,1
A01394,S0040,C109,J0217,2025,0.3307664692401886,0,1
A01395,S0901,C031,J0020,2026,0.2703177034854889,0,1
A01396,S0652,C052,J0101,2023,0.7606454491615295,1,1
A01397,S0467,C058,J0229,2024,0.9237356781959534,1,1
A01398,S1557,C028,J0076,2023,0.28996503353118896,0,1
A01399,S1190,C024,J0113,2026,0.5813469290733337,1,0
A01400,S0528,C040,J0038,2026,0.1504448801279068,0,0
A01401,S1134,C111,J0195,2025,0.6597115993499756,1,1
A01402,S0183,C036,J0055,2024,0.15762437880039215,0,0
A01403,S0374,C132,J0017,2024,0.06878664344549179,0,0
A01404,S1671,C093,J0161,2024,0.9696794748306274,1,1
A01405,S1411,C018,J0144,2025,0.09734586626291275,0,0
A01406,S0295,C138,J0282,2026,0.061050839722156525,0,0
A01407,S0072,C025,J0197,2026,0.9717912673950195,1,1
A01408,S0441,C130,J0207,2026,0.8636638522148132,1,1
A01409,S1578,C117,J0037,2026,0.5803258419036865,1,0
A01410,S0129,C117,J0037,2023,0.12217138707637787,0,0
A01411,S1181,C136,J0029,2025,0.9684697389602661,1,1
A01412,S0388,C069,J0152,2024,0.11854484677314758,0,0
A01413,S1517,C004,J0268,2023,0.9644410610198975,1,1
A01414,S0530,C021,J0273,2024,0.08776004612445831,0,0
A01415,S0424,C100,J0247,2024,0.6275364756584167,1,1
A01416,S0426,C101,J0070,2025,0.9074557423591614,1,1
A01417,S1082,C052,J0175,2025,0.623649001121521,1,1
A01418,S0914,C137,J0032,2023,0.37680453062057495,0,1
A01419,S0471,C001,J0117,2024,0.1250627040863037,0,0
A01420,S1699,C084,J0115,2024,0.9748518466949463,1,1
A01421,S1106,C064,J0191,2024,0.15867969393730164,0,0
A01422,S0202,C007,J0160,2025,0.4199000895023346,0,0
A01423,S1232,C127,J0067,2023,0.12265211343765259,0,0
A01424,S1238,C021,J0290,2024,0.07000460475683212,0,0
A01425,S1305,C017,J0262,2023,0.7764049172401428,1,1
A01426,S0599,C079,J0294,2025,0.8175212740898132,1,1
A01427,S1103,C034,J0286,2024,0.5571790933609009,1,1
A01428,S1537,C032,J0138,2025,0.7138620018959045,1,1
A01429,S0062,C004,J0268,2023,0.3180595636367798,0,0
A01430,S1301,C059,J0014,2023,0.9669294357299805,1,1
A01431,S0700,C068,J0151,2025,0.1047426238656044,0,0
A01432,S0792,C113,J0288,2024,0.1911434382200241,0,0
A01433,S0859,C082,J0158,2025,0.2553090751171112,0,0
A01434,S1561,C018,J0205,2026,0.08777619898319244,0,0
A01435,S1109,C020,J0204,2024,0.195943683385849,0,0
A01436,S0080,C064,J0191,2026,0.9705939888954163,1,1
A01437,S0909,C048,J0212,2025,0.07277991622686386,0,0
A01438,S0477,C123,J0019,2024,0.07927007228136063,0,0
A01439,S0410,C051,J0141,2023,0.5181657075881958,1,1
A01440,S0532,C053,J0018,2025,0.9671439528465271,1,1
A01441,S1397,C108,J0163,2024,0.9577663540840149,1,1
A01442,S0199,C046,J0214,2024,0.3651024401187897,0,1
A01443,S1542,C116,J0046,2023,0.11765583604574203,0,0
A01444,S0382,C055,J0075,2026,0.9317949414253235,1,0
A01445,S0541,C011,J0012,2026,0.09100546687841415,0,0
A01446,S0127,C082,J0122,2025,0.9739125967025757,1,1
A01447,S1105,C028,J0076,2023,0.6295220255851746,1,1
A01448,S1649,C046,J0214,2024,0.8348658680915833,1,1
A01449,S1321,C129,J0124,2024,0.9330359697341919,1,1
A01450,S0755,C052,J0101,2023,0.10201733559370041,0,0
A01451,S1604,C085,J0255,2026,0.9615013599395752,1,1
A01452,S0451,C074,J0239,2026,0.9703383445739746,1,0
A01453,S1640,C010,J0131,2023,0.13983328640460968,0,0
A01454,S0412,C085,J0130,2025,0.07603185623884201,0,0
A01455,S0809,C036,J0055,2024,0.056744325906038284,0,0
A01456,S1486,C040,J0182,2025,0.952985942363739,1,1
A01457,S0914,C124,J0059,2025,0.31448689103126526,0,0
A01458,S1202,C081,J0108,2026,0.1988748461008072,0,0
A01459,S1169,C124,J0059,2026,0.9581915736198425,1,1
A01460,S0015,C121,J0224,2024,0.9635404348373413,1,1
A01461,S1225,C074,J0005,2024,0.6591717600822449,1,0
A01462,S1085,C104,J0148,2024,0.06870876997709274,0,0
A01463,S0081,C005,J0056,2024,0.47996073961257935,0,1
A01464,S0068,C122,J0279,2024,0.8909738659858704,1,0
A01465,S0318,C042,J0007,2026,0.10633855313062668,0,0
A01466,S0066,C125,J0073,2026,0.11506128311157227,0,0
A01467,S1422,C073,J0008,2024,0.24609734117984772,0,0
A01468,S1368,C085,J0255,2026,0.12352839857339859,0,0
A01469,S1584,C046,J0214,2023,0.5703223347663879,1,0
A01470,S0645,C061,J0043,2026,0.9624325037002563,1,1
A01471,S1488,C005,J0056,2024,0.9167459607124329,1,1
A01472,S1187,C083,J0274,2026,0.9193276166915894,1,1
A01473,S0588,C085,J0255,2025,0.471015989780426,0,0
A01474,S0438,C101,J0070,2023,0.9713820815086365,1,1
A01475,S1572,C002,J0211,2025,0.11032923310995102,0,0
A01476,S1020,C049,J0052,2023,0.9780424237251282,1,1
A01477,S0380,C122,J0280,2024,0.5755335688591003,1,0
A01478,S0614,C018,J0168,2026,0.6460103988647461,1,0
A01479,S0874,C011,J0253,2023,0.9072034358978271,1,1
A01480,S1166,C097,J0278,2026,0.10526497662067413,0,0
A01481,S1259,C041,J0194,2024,0.07929414510726929,0,0
A01482,S0417,C013,J0198,2026,0.06890109181404114,0,0
A01483,S0811,C017,J0071,2024,0.970384955406189,1,1
A01484,S1093,C099,J0208,2025,0.966735303401947,1,1
A01485,S0547,C065,J0184,2026,0.970649003982544,1,1
A01486,S1311,C070,J0128,2025,0.16622449457645416,0,0
A01487,S1569,C042,J0007,2024,0.9703109860420227,1,1
A01488,S0015,C082,J0158,2026,0.9412088990211487,1,1
A01489,S1474,C059,J0226,2023,0.9248000383377075,1,1
A01490,S1005,C034,J0086,2026,0.3457067608833313,0,1
A01491,S0652,C066,J0240,2023,0.8511738181114197,1,0
A01492,S0344,C116,J0139,2025,0.5029737949371338,1,0
A01493,S1441,C091,J0082,2026,0.32020026445388794,0,0
A01494,S0516,C017,J0262,2025,0.1193569004535675,0,0
A01495,S0668,C082,J0122,2026,0.9723871350288391,1,1
A01496,S1664,C073,J0120,2025,0.7151437401771545,1,0
A01497,S0986,C140,J0133,2026,0.08317854255437851,0,0
A01498,S0387,C123,J0019,2024,0.921430230140686,1,1
A01499,S1630,C010,J0131,2023,0.10154856741428375,0,0
A01500,S1009,C035,J0134,2023,0.05264124274253845,0,0
A01501,S0569,C077,J0199,2026,0.9739105105400085,1,1
A01502,S0831,C113,J0190,2023,0.1688353270292282,0,0
A01503,S0541,C120,J0025,2024,0.2736818492412567,0,0
A01504,S0398,C048,J0126,2023,0.09420174360275269,0,0
A01505,S0776,C034,J0036,2026,0.9680878520011902,1,1
A01506,S1257,C108,J0292,2023,0.9687039256095886,1,1
A01507,S1328,C082,J0158,2024,0.1619584709405899,0,0
A01508,S0458,C108,J0085,2023,0.9690989851951599,1,1
A01509,S1563,C043,J0221,2023,0.1043115183711052,0,0
A01510,S1440,C124,J0176,2024,0.974045991897583,1,1
A01511,S0938,C081,J0155,2026,0.2115144282579422,0,1
A01512,S0030,C135,J0172,2024,0.9340230822563171,1,1
A01513,S1167,C030,J0269,2025,0.954352080821991,1,1
A01514,S0295,C084,J0115,2024,0.5232702493667603,1,0
A01515,S1063,C027,J0213,2025,0.9197161793708801,1,1
A01516,S1612,C124,J0059,2026,0.9565668106079102,1,1
A01517,S0250,C001,J0040,2026,0.6373897194862366,1,0
A01518,S0785,C081,J0108,2025,0.1048484668135643,0,0
A01519,S0329,C018,J0168,2023,0.0941106453537941,0,0
A01520,S1394,C051,J0141,2025,0.29725873470306396,0,0
A01521,S1379,C115,J0079,2025,0.08113402128219604,0,0
A01522,S1283,C130,J0225,2025,0.06663261353969574,0,0
A01523,S1405,C068,J0181,2026,0.17212410271167755,0,0
A01524,S0380,C049,J0192,2024,0.8735712170600891,1,1
A01525,S1603,C130,J0299,2023,0.4404042065143585,0,0
A01526,S0351,C093,J0161,2023,0.9104449152946472,1,1
A01527,S0302,C013,J0185,2024,0.1737220585346222,0,0
A01528,S1374,C140,J0121,2025,0.5640413761138916,1,0
A01529,S1443,C075,J0072,2026,0.5403979420661926,1,1
A01530,S1083,C087,J0068,2024,0.9536741971969604,1,1
A01531,S0599,C048,J0126,2026,0.9559191465377808,1,1
A01532,S0131,C113,J0193,2026,0.5606752038002014,1,1
A01533,S1587,C092,J0031,2025,0.966620683670044,1,1
A01534,S1381,C097,J0278,2025,0.13648736476898193,0,1
A01535,S1505,C117,J0149,2025,0.1287737488746643,0,0
A01536,S0048,C034,J0036,2026,0.9749804735183716,1,1
A01537,S1167,C017,J0071,2026,0.9464818239212036,1,1
A01538,S0620,C018,J0146,2024,0.5230277180671692,1,0
A01539,S0512,C096,J0060,2026,0.9740249514579773,1,1
A01540,S0363,C049,J0052,2026,0.2429860681295395,0,1
A01541,S0754,C130,J0225,2024,0.48270368576049805,0,0
A01542,S1585,C130,J0299,2026,0.3822421431541443,0,1
A01543,S0528,C092,J0031,2025,0.7019880414009094,1,1
A01544,S1510,C130,J0207,2025,0.05550316348671913,0,0
A01545,S1411,C046,J0028,2026,0.10999482870101929,0,0
A01546,S0638,C120,J0137,2024,0.08663313835859299,0,0
A01547,S1434,C069,J0186,2026,0.07145298272371292,0,0
A01548,S1462,C110,J0250,2025,0.9615875482559204,1,1
A01549,S0472,C059,J0226,2026,0.3635886311531067,0,0
A01550,S0328,C040,J0182,2026,0.9670268893241882,1,1
A01551,S1244,C018,J0146,2026,0.07641520351171494,0,0
A01552,S1322,C017,J0071,2025,0.9163757562637329,1,1
A01553,S0005,C140,J0121,2024,0.06726646423339844,0,0
A01554,S0231,C001,J0117,2023,0.9735194444656372,1,1
A01555,S0552,C089,J0001,2024,0.15256738662719727,0,0
A01556,S0494,C031,J0020,2026,0.23704949021339417,0,0
A01557,S0558,C091,J0061,2023,0.9719117283821106,1,1
A01558,S1385,C097,J0109,2026,0.1458030641078949,0,0
A01559,S1054,C003,J0245,2025,0.9611300826072693,1,1
A01560,S0306,C120,J0137,2025,0.9207510352134705,1,1
A01561,S0066,C137,J0147,2024,0.15995588898658752,0,0
A01562,S0219,C028,J0034,2025,0.5863698720932007,1,1
A01563,S0183,C079,J0022,2024,0.1262374073266983,0,0
A01564,S0345,C065,J0184,2026,0.7106665372848511,1,1
A01565,S1696,C120,J0137,2026,0.6016749739646912,1,1
A01566,S1426,C116,J0127,2024,0.4758074879646301,0,0
A01567,S0437,C112,J0272,2023,0.9572771191596985,1,1
A01568,S0339,C034,J0086,2026,0.9723520874977112,1,1
A01569,S1412,C099,J0208,2026,0.9326965808868408,1,1
A01570,S0529,C054,J0039,2025,0.15584011375904083,0,0
A01571,S0619,C003,J0103,2024,0.9498959183692932,1,1
A01572,S0722,C046,J0214,2024,0.972200334072113,1,1
A01573,S1546,C128,J0111,2025,0.25632959604263306,0,1
A01574,S0166,C109,J0156,2026,0.9627286195755005,1,1
A01575,S1270,C128,J0285,2023,0.7640703916549683,1,0
A01576,S1549,C079,J0096,2026,0.9732728004455566,1,1
A01577,S0554,C127,J0041,2026,0.14265795052051544,0,0
A01578,S1053,C059,J0014,2026,0.8697354793548584,1,1
A01579,S1695,C012,J0091,2026,0.642880380153656,1,0
A01580,S1378,C078,J0026,2026,0.09150533378124237,0,0
A01581,S1199,C127,J0063,2026,0.9528911709785461,1,1
A01582,S0112,C053,J0018,2025,0.1766674965620041,0,0
A01583,S0433,C074,J0005,2025,0.9315113425254822,1,1
A01584,S0779,C111,J0125,2026,0.34560900926589966,0,1
A01585,S0597,C102,J0179,2024,0.08613826334476471,0,0
A01586,S1398,C003,J0099,2026,0.5722478628158569,1,1
A01587,S0277,C128,J0084,2025,0.8713430762290955,1,1
A01588,S1077,C079,J0096,2025,0.9428738355636597,1,1
A01589,S1387,C011,J0012,2026,0.8672572374343872,1,1
A01590,S0952,C002,J0211,2025,0.9381526112556458,1,1
A01591,S0720,C117,J0037,2026,0.8781770467758179,1,0
A01592,S0486,C096,J0296,2026,0.4851227104663849,0,0
A01593,S0278,C055,J0249,2023,0.11065145581960678,0,0
A01594,S1617,C011,J0012,2026,0.9074788093566895,1,1
A01595,S0355,C028,J0024,2025,0.08868186920881271,0,0
A01596,S0568,C091,J0248,2024,0.10620319098234177,0,0
A01597,S0314,C023,J0166,2025,0.8547051548957825,1,1
A01598,S0374,C121,J0140,2026,0.0706406831741333,0,0
A01599,S0052,C018,J0010,2024,0.9435169100761414,1,1
A01600,S0441,C079,J0294,2023,0.5429415106773376,1,1
A01601,S0386,C030,J0269,2025,0.9632647037506104,1,1
A01602,S1455,C128,J0285,2024,0.056045517325401306,0,0
A01603,S0525,C022,J0238,2023,0.962481677532196,1,1
A01604,S0395,C073,J0008,2024,0.9550570249557495,1,1
A01605,S0282,C111,J0195,2023,0.06308416277170181,0,0
A01606,S0132,C030,J0269,2023,0.12045209854841232,0,0
A01607,S0236,C074,J0005,2024,0.11758840084075928,0,0
A01608,S1553,C049,J0297,2023,0.06988635659217834,0,0
A01609,S0403,C063,J0203,2026,0.09501733630895615,0,0
A01610,S0629,C100,J0247,2024,0.9713100790977478,1,1
A01611,S1563,C005,J0056,2026,0.10447261482477188,0,0
A01612,S1430,C114,J0042,2024,0.9341493844985962,1,1
A01613,S1292,C024,J0284,2026,0.9004135131835938,1,1
A01614,S0974,C050,J0277,2026,0.164737269282341,0,0
A01615,S0672,C085,J0216,2026,0.908221960067749,1,1
A01616,S0250,C051,J0141,2026,0.7270223498344421,1,1
A01617,S1002,C048,J0202,2025,0.9512196183204651,1,1
A01618,S0256,C124,J0059,2023,0.1121007427573204,0,0
A01619,S0294,C057,J0289,2024,0.971350371837616,1,1
A01620,S0904,C112,J0272,2024,0.04917696863412857,0,0
A01621,S0693,C093,J0200,2025,0.9575279951095581,1,1
A01622,S0807,C075,J0165,2026,0.726233959197998,1,1
A01623,S1149,C122,J0223,2025,0.9738979935646057,1,1
A01624,S0726,C042,J0007,2025,0.09677315503358841,0,0
A01625,S1551,C065,J0184,2023,0.0824814885854721,0,0
A01626,S1099,C011,J0253,2026,0.3351457417011261,0,0
A01627,S0820,C086,J0267,2026,0.960800051689148,1,0
A01628,S0481,C112,J0272,2025,0.062045712023973465,0,0
A01629,S0897,C068,J0260,2025,0.2408801019191742,0,0
A01630,S0550,C083,J0274,2023,0.9685407280921936,1,1
A01631,S1039,C057,J0289,2024,0.8987330198287964,1,1
A01632,S1000,C130,J0225,2025,0.145999938249588,0,0
A01633,S0377,C137,J0032,2024,0.09000931680202484,0,0
A01634,S0687,C085,J0089,2026,0.9393883943557739,1,1
A01635,S0714,C119,J0135,2025,0.9584638476371765,1,1
A01636,S1625,C007,J0160,2026,0.2335769534111023,0,0
A01637,S1576,C061,J0097,2026,0.5397213101387024,1,0
A01638,S1625,C046,J0214,2025,0.37840744853019714,0,0
A01639,S1004,C111,J0077,2023,0.6379820704460144,1,0
A01640,S1132,C081,J0155,2023,0.10520119965076447,0,0
A01641,S1595,C065,J0184,2026,0.9692925810813904,1,1
A01642,S0969,C071,J0270,2026,0.9008039236068726,1,1
A01643,S0427,C018,J0205,2024,0.33880871534347534,0,0
A01644,S0317,C127,J0063,2026,0.9502541422843933,1,1
A01645,S0798,C093,J0083,2026,0.11798974126577377,0,0
A01646,S0748,C103,J0159,2023,0.13639375567436218,0,1
A01647,S0317,C127,J0067,2023,0.8859227895736694,1,1
A01648,S0774,C003,J0103,2025,0.7880921959877014,1,1
A01649,S0512,C077,J0287,2026,0.977419376373291,1,1
A01650,S0498,C122,J0223,2023,0.9321262836456299,1,1
A01651,S1564,C099,J0047,2026,0.18391640484333038,0,1
A01652,S1254,C081,J0093,2025,0.07555559277534485,0,0
A01653,S1376,C052,J0175,2026,0.8203194737434387,1,1
A01654,S0212,C130,J0225,2026,0.07661659270524979,0,0
A01655,S0391,C074,J0094,2024,0.93282151222229,1,1
A01656,S0968,C093,J0200,2025,0.10779167711734772,0,0
A01657,S1635,C102,J0179,2026,0.9691954851150513,1,1
A01658,S0351,C041,J0194,2026,0.9676257371902466,1,1
A01659,S1635,C022,J0030,2026,0.9693324565887451,1,1
A01660,S0332,C010,J0131,2024,0.04067431762814522,0,0
A01661,S1116,C112,J0272,2025,0.9351329207420349,1,1
A01662,S0320,C136,J0237,2026,0.3531499207019806,0,1
A01663,S1689,C092,J0031,2023,0.9686393737792969,1,1
A01664,S1340,C093,J0200,2025,0.06229475885629654,0,1
A01665,S1440,C125,J0073,2025,0.9745582938194275,1,1
A01666,S0590,C041,J0194,2023,0.1255132108926773,0,0
A01667,S1531,C062,J0051,2026,0.1303768903017044,0,0
A01668,S0371,C081,J0236,2026,0.9662408232688904,1,1
A01669,S1065,C046,J0028,2024,0.8173851370811462,1,1
A01670,S1678,C001,J0117,2026,0.9691963791847229,1,1
A01671,S1609,C124,J0176,2025,0.0880211889743805,0,0
A01672,S0126,C137,J0157,2025,0.9646369218826294,1,1
A01673,S0294,C124,J0241,2026,0.9688948392868042,1,1
A01674,S0280,C099,J0047,2023,0.36612534523010254,0,0
A01675,S0662,C078,J0026,2025,0.3722999691963196,0,0
A01676,S0214,C069,J0188,2026,0.42175647616386414,0,1
A01677,S0042,C050,J0277,2026,0.1464863419532776,0,0
A01678,S0848,C069,J0188,2024,0.7911038398742676,1,1
A01679,S1495,C087,J0246,2025,0.8890438675880432,1,0
A01680,S0005,C049,J0192,2026,0.07265737652778625,0,0
A01681,S1488,C014,J0263,2026,0.9443551898002625,1,1
A01682,S1247,C111,J0235,2025,0.9308522939682007,1,1
A01683,S1184,C114,J0042,2024,0.8267756700515747,1,1
A01684,S0440,C058,J0057,2026,0.5713998675346375,1,1
A01685,S1596,C137,J0300,2024,0.901606559753418,1,1
A01686,S0624,C011,J0253,2025,0.9243209362030029,1,1
A01687,S0949,C002,J0271,2025,0.6711844205856323,1,1
A01688,S1571,C129,J0124,2025,0.5225359201431274,1,1
A01689,S0336,C124,J0176,2023,0.06767658144235611,0,0
A01690,S1413,C021,J0273,2024,0.8534427285194397,1,1
A01691,S0481,C074,J0094,2023,0.06108681857585907,0,0
A01692,S0580,C077,J0074,2023,0.9318803548812866,1,1
A01693,S0396,C048,J0212,2025,0.07159023731946945,0,0
A01694,S0247,C086,J0258,2024,0.11356876790523529,0,0
A01695,S0537,C048,J0212,2023,0.7867695093154907,1,1
A01696,S0989,C131,J0173,2026,0.24084880948066711,0,0
A01697,S0907,C089,J0001,2025,0.9592423439025879,1,1
A01698,S0007,C002,J0211,2025,0.4339089095592499,0,0
A01699,S1690,C125,J0150,2025,0.07005287706851959,0,0
A01700,S0534,C110,J0220,2026,0.9148423075675964,1,1
A01701,S0961,C110,J0027,2023,0.9701264500617981,1,1
A01702,S0579,C007,J0261,2025,0.9555080533027649,1,1
A01703,S0561,C110,J0250,2025,0.9196023344993591,1,0
A01704,S0704,C059,J0045,2026,0.09597551822662354,0,0
A01705,S0650,C108,J0085,2026,0.17231573164463043,0,0
A01706,S0966,C136,J0237,2025,0.597658097743988,1,1
A01707,S0434,C140,J0133,2024,0.3808633089065552,0,0
A01708,S1104,C137,J0300,2025,0.4618924558162689,0,0
A01709,S0608,C051,J0141,2024,0.9748170971870422,1,1
A01710,S0476,C096,J0060,2025,0.10517898201942444,0,0
A01711,S0215,C002,J0211,2024,0.9742181897163391,1,1
A01712,S0033,C053,J0018,2025,0.9721990823745728,1,1
A01713,S0085,C136,J0029,2024,0.15037617087364197,0,0
A01714,S0525,C122,J0132,2026,0.898987889289856,1,1
A01715,S1441,C137,J0157,2023,0.21007458865642548,0,0
A01716,S0447,C056,J0049,2026,0.2121642529964447,0,0
A01717,S1633,C114,J0042,2026,0.08737365156412125,0,0
A01718,S0968,C026,J0136,2026,0.10223450511693954,0,0
A01719,S1554,C055,J0090,2026,0.9756045341491699,1,1
A01720,S0063,C014,J0219,2025,0.9512168169021606,1,1
A01721,S1113,C043,J0221,2023,0.09795527905225754,0,0
A01722,S0590,C068,J0276,2026,0.2489287108182907,0,1
A01723,S1683,C049,J0192,2023,0.9263800978660583,1,1
A01724,S0909,C045,J0243,2026,0.08359108865261078,0,0
A01725,S0920,C088,J0123,2024,0.7741764783859253,1,1
A01726,S1008,C031,J0020,2023,0.9752061367034912,1,1
A01727,S0203,C122,J0088,2026,0.11385022103786469,0,0
A01728,S0253,C081,J0155,2023,0.1334080696105957,0,0
A01729,S1030,C048,J0212,2023,0.23486953973770142,0,0
A01730,S0342,C130,J0225,2026,0.09886004030704498,0,1
A01731,S0484,C010,J0131,2026,0.911253035068512,1,1
A01732,S1191,C018,J0144,2024,0.8724980354309082,1,1
A01733,S0707,C112,J0272,2026,0.18123766779899597,0,0
A01734,S1384,C109,J0156,2024,0.30533623695373535,0,1
A01735,S0072,C056,J0049,2025,0.9551646113395691,1,1
A01736,S1341,C110,J0078,2025,0.7920007109642029,1,1
A01737,S0816,C051,J0003,2026,0.9652961492538452,1,0
A01738,S0595,C082,J0122,2025,0.9656959772109985,1,1
A01739,S1447,C108,J0234,2026,0.9525661468505859,1,1
A01740,S1630,C057,J0016,2025,0.07277288287878036,0,0
A01741,S0008,C122,J0171,2025,0.9770146608352661,1,1
A01742,S0397,C122,J0279,2026,0.8953392505645752,1,1
A01743,S1341,C057,J0289,2025,0.7704352140426636,1,1
A01744,S0481,C030,J0054,2023,0.09393103420734406,0,0
A01745,S0865,C110,J0027,2026,0.819556474685669,1,1
A01746,S0359,C023,J0166,2025,0.9599342346191406,1,1
A01747,S0660,C121,J0224,2024,0.08520087599754333,0,0
A01748,S1150,C049,J0192,2025,0.16606967151165009,0,0
A01749,S0022,C072,J0105,2026,0.9750412106513977,1,1
A01750,S0297,C059,J0226,2026,0.9677085876464844,1,1
A01751,S0010,C059,J0177,2024,0.9705440402030945,1,1
A01752,S0587,C021,J0290,2026,0.10876867175102234,0,0
A01753,S1466,C097,J0109,2025,0.2606227695941925,0,0
A01754,S1555,C024,J0113,2025,0.9688490629196167,1,1
A01755,S1632,C018,J0168,2024,0.07091042399406433,0,0
A01756,S1590,C069,J0153,2025,0.6988525390625,1,1
A01757,S1184,C109,J0217,2025,0.8573673963546753,1,1
A01758,S0802,C068,J0276,2026,0.16069068014621735,0,0
A01759,S1619,C112,J0272,2025,0.543059766292572,1,0
A01760,S1185,C002,J0211,2025,0.844747006893158,1,1
A01761,S0304,C096,J0296,2024,0.11953824758529663,0,1
A01762,S1668,C093,J0083,2023,0.9627283215522766,1,1
A01763,S0255,C117,J0149,2026,0.06220930442214012,0,0
A01764,S1372,C054,J0039,2026,0.1857544183731079,0,1
A01765,S0230,C130,J0225,2025,0.8528919816017151,1,1
A01766,S1489,C016,J0257,2024,0.4810755252838135,0,0
A01767,S1573,C115,J0079,2024,0.9037644863128662,1,0
A01768,S1110,C087,J0206,2024,0.15264646708965302,0,0
A01769,S1353,C074,J0239,2026,0.9728979468345642,1,1
A01770,S0816,C109,J0217,2026,0.9632442593574524,1,1
A01771,S1514,C043,J0221,2025,0.9729846119880676,1,1
A01772,S0975,C115,J0201,2024,0.9745878577232361,1,1
A01773,S0471,C124,J0241,2024,0.11124762147665024,0,0
A01774,S1519,C081,J0155,2026,0.13743548095226288,0,0
A01775,S0766,C118,J0228,2023,0.7997207045555115,1,0
A01776,S0393,C074,J0239,2023,0.12963730096817017,0,0
A01777,S0549,C109,J0156,2024,0.5107402205467224,1,0
A01778,S0471,C079,J0096,2026,0.17815810441970825,0,1
A01779,S1641,C125,J0073,2023,0.06256349384784698,0,0
A01780,S0719,C115,J0201,2025,0.8964002132415771,1,0
A01781,S1194,C055,J0090,2023,0.9686582088470459,1,1
A01782,S1576,C081,J0093,2024,0.6555960178375244,1,1
A01783,S1688,C096,J0060,2026,0.05621517822146416,0,0
A01784,S1250,C093,J0083,2024,0.17035602033138275,0,0
A01785,S0388,C136,J0254,2026,0.08730608969926834,0,0
A01786,S0138,C046,J0214,2026,0.1293548196554184,0,0
A01787,S0038,C048,J0066,2026,0.11497990041971207,0,0
A01788,S0662,C082,J0122,2025,0.3099838197231293,0,0
A01789,S1345,C040,J0038,2026,0.9583966135978699,1,1
A01790,S1074,C081,J0093,2023,0.12194383144378662,0,0
A01791,S0272,C058,J0057,2026,0.7507995367050171,1,0
A01792,S1308,C116,J0139,2024,0.9584490656852722,1,1
A01793,S0246,C039,J0100,2026,0.9280561804771423,1,1
A01794,S0117,C097,J0064,2026,0.3626152575016022,0,0
A01795,S1084,C034,J0036,2026,0.9617005586624146,1,1
A01796,S1331,C051,J0141,2024,0.8519487977027893,1,1
A01797,S1287,C019,J0107,2026,0.9501127004623413,1,1
A01798,S1300,C072,J0105,2026,0.8883275985717773,1,1
A01799,S0323,C109,J0156,2024,0.07458479702472687,0,0
A01800,S0724,C133,J0218,2024,0.8697836995124817,1,1
A01801,S0561,C028,J0242,2023,0.12988683581352234,0,0
A01802,S1579,C047,J0227,2026,0.10895035415887833,0,0
A01803,S0685,C078,J0210,2026,0.0759827122092247,0,0
A01804,S1674,C099,J0208,2025,0.13130785524845123,0,0
A01805,S0285,C043,J0221,2023,0.07296837866306305,0,0
A01806,S0384,C003,J0099,2026,0.08194618672132492,0,0
A01807,S1202,C093,J0161,2026,0.11317157000303268,0,1
A01808,S1417,C070,J0013,2025,0.9424956440925598,1,0
A01809,S1636,C125,J0154,2025,0.9747908115386963,1,1
A01810,S0875,C045,J0243,2024,0.773973286151886,1,1
A01811,S1651,C039,J0100,2025,0.15619432926177979,0,0
A01812,S1491,C074,J0005,2026,0.08461440354585648,0,1
A01813,S0494,C123,J0019,2023,0.19652925431728363,0,0
A01814,S0228,C087,J0206,2023,0.08662867546081543,0,0
A01815,S0328,C068,J0151,2026,0.9416756629943848,1,0
A01816,S0264,C128,J0084,2025,0.09137354791164398,0,0
A01817,S1168,C085,J0130,2024,0.9558898210525513,1,1
A01818,S1591,C130,J0053,2025,0.9014065265655518,1,1
A01819,S1502,C124,J0059,2024,0.8337439298629761,1,1
A01820,S0451,C002,J0271,2023,0.9662805199623108,1,1
A01821,S0946,C010,J0131,2026,0.05724103003740311,0,0
A01822,S0471,C015,J0129,2025,0.20735393464565277,0,0
A01823,S0707,C088,J0123,2024,0.10952392220497131,0,0
A01824,S0526,C068,J0151,2024,0.10795575380325317,0,0
A01825,S0769,C116,J0046,2026,0.11268780380487442,0,0
A01826,S0460,C096,J0296,2026,0.08465266227722168,0,0
A01827,S0494,C051,J0209,2025,0.17133963108062744,0,1
A01828,S0291,C125,J0073,2024,0.2143208533525467,0,0
A01829,S0425,C108,J0085,2024,0.22091038525104523,0,1
A01830,S0168,C122,J0119,2025,0.9037339091300964,1,0
A01831,S0623,C045,J0021,2023,0.3241897523403168,0,1
A01832,S1301,C056,J0049,2026,0.8017174005508423,1,1
A01833,S1363,C136,J0254,2025,0.05733337625861168,0,0
A01834,S0050,C096,J0060,2026,0.873339831829071,1,1
A01835,S1496,C056,J0164,2026,0.9629397392272949,1,1
A01836,S1170,C013,J0185,2024,0.8938778042793274,1,1
A01837,S0756,C055,J0090,2026,0.935502827167511,1,0
A01838,S1054,C058,J0229,2025,0.9476284384727478,1,0
A01839,S1683,C051,J0209,2025,0.8757110834121704,1,1
A01840,S1604,C069,J0186,2026,0.9626123309135437,1,1
A01841,S0765,C034,J0086,2025,0.9677127003669739,1,1
A01842,S1435,C093,J0161,2023,0.1158592700958252,0,0
A01843,S1335,C063,J0162,2024,0.10732703655958176,0,1
A01844,S0710,C104,J0148,2025,0.04749653488397598,0,0
A01845,S1003,C048,J0066,2024,0.051603805273771286,0,0
A01846,S1235,C010,J0131,2024,0.9671272039413452,1,1
A01847,S0057,C093,J0161,2024,0.15966539084911346,0,0
A01848,S0557,C009,J0069,2025,0.9335096478462219,1,0
A01849,S1407,C048,J0126,2024,0.7555630803108215,1,1
A01850,S0110,C048,J0202,2023,0.9432070255279541,1,1
A01851,S0337,C116,J0127,2026,0.06204525753855705,0,0
A01852,S0742,C122,J0171,2026,0.944325864315033,1,1
A01853,S0837,C128,J0285,2024,0.9346444606781006,1,1
A01854,S0567,C057,J0289,2023,0.9516028165817261,1,1
A01855,S1536,C102,J0179,2026,0.8019248843193054,1,0
A01856,S0532,C136,J0029,2025,0.9639756679534912,1,1
A01857,S0660,C046,J0028,2024,0.13947410881519318,0,0
A01858,S0735,C032,J0050,2026,0.7909019589424133,1,1
A01859,S1166,C040,J0038,2025,0.17805266380310059,0,0
A01860,S0718,C079,J0096,2026,0.866116464138031,1,0
A01861,S0911,C127,J0041,2023,0.16751182079315186,0,0
A01862,S0526,C079,J0291,2026,0.8929034471511841,1,0
A01863,S0790,C002,J0211,2025,0.3922436833381653,0,1
A01864,S1220,C105,J0098,2023,0.9063354134559631,1,1
A01865,S0018,C071,J0270,2026,0.7227076292037964,1,1
A01866,S0777,C136,J0029,2025,0.9417118430137634,1,1
A01867,S0334,C105,J0098,2026,0.9695819616317749,1,1
A01868,S1401,C074,J0005,2025,0.13320165872573853,0,0
A01869,S1554,C017,J0262,2025,0.9732151031494141,1,1
A01870,S0774,C063,J0203,2023,0.8789887428283691,1,1
A01871,S0117,C072,J0105,2026,0.5732467174530029,1,0
A01872,S0551,C050,J0265,2025,0.9620646238327026,1,1
A01873,S0546,C059,J0177,2024,0.9725582003593445,1,1
A01874,S0116,C112,J0272,2024,0.36310875415802,0,0
A01875,S0732,C009,J0069,2025,0.1283811330795288,0,0
A01876,S1386,C127,J0110,2025,0.8252202272415161,1,1
A01877,S0005,C052,J0112,2026,0.06592767685651779,0,0
A01878,S0721,C017,J0071,2025,0.11306240409612656,0,0
A01879,S0244,C103,J0145,2026,0.7800893187522888,1,1
A01880,S0870,C087,J0068,2025,0.7565324902534485,1,1
A01881,S0914,C101,J0070,2023,0.6163595914840698,1,0
A01882,S0561,C121,J0283,2023,0.19050757586956024,0,0
A01883,S0930,C069,J0188,2023,0.5031759142875671,1,1
A01884,S1004,C021,J0273,2025,0.1659199297428131,0,0
A01885,S0634,C114,J0042,2024,0.07584915310144424,0,0
A01886,S1499,C050,J0277,2024,0.32932233810424805,0,0
A01887,S1482,C025,J0197,2024,0.9674926400184631,1,1
A01888,S1025,C108,J0234,2024,0.0810515433549881,0,0
A01889,S0623,C108,J0234,2023,0.4406484067440033,0,1
A01890,S0983,C066,J0240,2024,0.8785315752029419,1,1
A01891,S1490,C060,J0222,2025,0.9736003875732422,1,1
A01892,S1179,C007,J0160,2024,0.049639277160167694,0,0
A01893,S1316,C040,J0182,2024,0.1130814328789711,0,0
A01894,S1343,C037,J0143,2023,0.42410358786582947,0,0
A01895,S1141,C113,J0193,2025,0.9576274752616882,1,1
A01896,S1014,C048,J0202,2024,0.47522252798080444,0,0
A01897,S0241,C082,J0158,2026,0.9636396169662476,1,1
A01898,S0933,C074,J0239,2023,0.9197801351547241,1,1
A01899,S0632,C093,J0083,2025,0.13418959081172943,0,0
A01900,S1596,C040,J0182,2024,0.2918802499771118,0,0
A01901,S0449,C078,J0026,2026,0.9312980771064758,1,1
A01902,S0842,C017,J0262,2026,0.9721969366073608,1,1
A01903,S0730,C093,J0200,2026,0.9184166193008423,1,1
A01904,S0915,C137,J0300,2025,0.06690298765897751,0,1
A01905,S0797,C096,J0060,2025,0.14026619493961334,0,0
A01906,S1440,C049,J0297,2025,0.9763672947883606,1,1
A01907,S1073,C089,J0266,2026,0.22131431102752686,0,0
A01908,S0168,C001,J0180,2023,0.8760862946510315,1,1
A01909,S0458,C049,J0052,2026,0.9778141379356384,1,1
A01910,S1095,C086,J0258,2023,0.13380825519561768,0,0
A01911,S0601,C018,J0010,2025,0.8498972058296204,1,0
A01912,S1602,C007,J0233,2025,0.9596207141876221,1,1
A01913,S0742,C091,J0082,2023,0.9481066465377808,1,1
A01914,S0286,C046,J0028,2023,0.8335631489753723,1,1
A01915,S0593,C128,J0084,2025,0.8234657049179077,1,1
A01916,S1414,C124,J0059,2024,0.9672883749008179,1,1
A01917,S1387,C001,J0117,2025,0.9600285887718201,1,1
A01918,S0576,C129,J0080,2026,0.9522982835769653,1,1
A01919,S1173,C048,J0066,2025,0.39296767115592957,0,1
A01920,S0298,C106,J0196,2025,0.12664106488227844,0,0
A01921,S0164,C060,J0222,2026,0.8985761404037476,1,1
A01922,S0174,C114,J0042,2023,0.9737563133239746,1,1
A01923,S1308,C016,J0257,2025,0.9681611657142639,1,1
A01924,S0858,C013,J0183,2026,0.7868187427520752,1,1
A01925,S1354,C122,J0279,2026,0.08301510661840439,0,0
A01926,S0826,C048,J0066,2025,0.1101667582988739,0,0
A01927,S0318,C024,J0113,2024,0.13815654814243317,0,0
A01928,S1531,C058,J0057,2024,0.09531161189079285,0,0
A01929,S1592,C005,J0056,2026,0.1005961149930954,0,0
A01930,S0043,C055,J0075,2024,0.1333044320344925,0,0
A01931,S0079,C108,J0234,2025,0.14884918928146362,0,0
A01932,S0164,C034,J0086,2024,0.9544939398765564,1,1
A01933,S0143,C024,J0113,2025,0.9541088342666626,1,1
A01934,S1527,C014,J0219,2026,0.30664101243019104,0,1
A01935,S1373,C030,J0269,2025,0.9686244130134583,1,1
A01936,S1510,C128,J0084,2023,0.05026594176888466,0,0
A01937,S1257,C081,J0155,2025,0.9632800817489624,1,1
A01938,S0341,C017,J0262,2026,0.9428147077560425,1,1
A01939,S0598,C136,J0237,2024,0.13140200078487396,0,1
A01940,S0015,C140,J0133,2026,0.9648872017860413,1,1
A01941,S0561,C065,J0184,2025,0.33408188819885254,0,1
A01942,S1561,C025,J0170,2026,0.1333809196949005,0,0
A01943,S1364,C031,J0020,2024,0.9447445869445801,1,1
A01944,S0874,C070,J0058,2025,0.8477324843406677,1,1
A01945,S1055,C082,J0122,2023,0.9773958921432495,1,1
A01946,S0917,C035,J0134,2024,0.29252514243125916,0,0
A01947,S1342,C036,J0055,2025,0.08219845592975616,0,0
A01948,S1599,C110,J0078,2024,0.8967781662940979,1,1
A01949,S0849,C129,J0080,2026,0.6896161437034607,1,1
A01950,S0102,C128,J0231,2023,0.9673715829849243,1,1
A01951,S1140,C131,J0173,2026,0.9405016899108887,1,1
A01952,S0648,C128,J0285,2026,0.7963240146636963,1,1
A01953,S0648,C002,J0271,2024,0.5203413963317871,1,0
A01954,S0915,C010,J0131,2026,0.10511025041341782,0,1
A01955,S0694,C140,J0044,2025,0.9450340270996094,1,1
A01956,S0990,C058,J0256,2026,0.11740786582231522,0,0
A01957,S0010,C113,J0048,2025,0.9573012590408325,1,0
A01958,S0904,C068,J0181,2026,0.05424114316701889,0,0
A01959,S1420,C082,J0158,2024,0.03902082517743111,0,0
A01960,S0449,C122,J0171,2024,0.958987295627594,1,1
A01961,S0059,C016,J0257,2023,0.3038344085216522,0,0
A01962,S0339,C031,J0020,2026,0.9720847010612488,1,1
A01963,S1505,C063,J0203,2023,0.45375800132751465,0,1
A01964,S1637,C013,J0198,2025,0.6269568204879761,1,1
A01965,S0285,C091,J0061,2023,0.11974114924669266,0,0
A01966,S0054,C032,J0138,2025,0.9745948910713196,1,1
A01967,S0982,C007,J0160,2026,0.28657057881355286,0,0
A01968,S1199,C025,J0170,2024,0.9588630795478821,1,1
A01969,S1126,C137,J0300,2025,0.9469076991081238,1,1
A01970,S1226,C074,J0239,2025,0.18718387186527252,0,1
A01971,S1516,C040,J0182,2026,0.06704535335302353,0,0
A01972,S1185,C034,J0086,2026,0.9238988757133484,1,1
A01973,S1169,C052,J0175,2025,0.9648950099945068,1,1
A01974,S1255,C025,J0002,2026,0.9699593186378479,1,1
A01975,S0523,C122,J0223,2026,0.9700068831443787,1,1
A01976,S1504,C117,J0149,2026,0.5634158849716187,1,1
A01977,S0063,C111,J0125,2026,0.9739204049110413,1,1
A01978,S1381,C069,J0152,2026,0.11600957810878754,0,0
A01979,S0638,C078,J0232,2025,0.07591577619314194,0,0
A01980,S0263,C028,J0015,2023,0.9751595258712769,1,1
A01981,S1213,C127,J0063,2025,0.16098204255104065,0,1
A01982,S0021,C081,J0108,2026,0.13512486219406128,0,0
A01983,S1375,C025,J0197,2024,0.3646237254142761,0,1
A01984,S0976,C064,J0215,2024,0.894701361656189,1,1
A01985,S0261,C128,J0285,2023,0.10881249606609344,0,0
A01986,S0848,C041,J0194,2024,0.7778747081756592,1,1
A01987,S0575,C003,J0099,2025,0.6544538140296936,1,1
A01988,S0257,C019,J0107,2024,0.9221110939979553,1,1
A01989,S0417,C086,J0258,2025,0.07597029209136963,0,0
A01990,S0099,C069,J0152,2026,0.23950688540935516,0,1
A01991,S0678,C010,J0131,2026,0.8867177367210388,1,1
A01992,S0713,C059,J0177,2024,0.9637150764465332,1,1
A01993,S1681,C009,J0069,2026,0.663666844367981,1,1
A01994,S1554,C136,J0254,2025,0.9622429609298706,1,1
A01995,S0482,C131,J0173,2023,0.9773370623588562,1,1
A01996,S0939,C025,J0002,2024,0.969767153263092,1,1
A01997,S1464,C001,J0117,2024,0.9751742482185364,1,1
A01998,S0058,C064,J0191,2026,0.1810387223958969,0,0
A01999,S0955,C117,J0149,2024,0.07190758734941483,0,0
A02000,S0356,C010,J0131,2024,0.8815887570381165,1,1
A02001,S1130,C125,J0073,2025,0.19159337878227234,0,1
A02002,S0117,C068,J0065,2026,0.8706129193305969,1,0
A02003,S0492,C129,J0080,2025,0.9706501364707947,1,1
A02004,S1119,C113,J0288,2025,0.07354684919118881,0,0
A02005,S1190,C061,J0097,2023,0.17895734310150146,0,1
A02006,S1611,C120,J0137,2026,0.9377951622009277,1,0
A02007,S0233,C137,J0032,2025,0.15226787328720093,0,1
A02008,S0751,C093,J0083,2026,0.05651923269033432,0,0
A02009,S1116,C081,J0236,2024,0.8719710111618042,1,1
A02010,S0892,C022,J0030,2026,0.9362521767616272,1,0
A02011,S0693,C021,J0290,2026,0.9617341756820679,1,1
A02012,S1295,C019,J0107,2025,0.8999911546707153,1,1
A02013,S1589,C006,J0114,2025,0.18622176349163055,0,1
A02014,S0876,C102,J0006,2023,0.9680624008178711,1,1
A02015,S0567,C004,J0268,2024,0.9609360098838806,1,1
A02016,S1248,C119,J0135,2026,0.5679086446762085,1,1
A02017,S1586,C018,J0144,2024,0.060589056462049484,0,0
A02018,S0631,C058,J0256,2024,0.24904385209083557,0,0
A02019,S0063,C127,J0041,2023,0.9708432555198669,1,1
A02020,S0262,C052,J0175,2023,0.9733498096466064,1,1
A02021,S0982,C023,J0166,2026,0.7788169980049133,1,0
A02022,S0723,C111,J0235,2025,0.4432924687862396,0,0
A02023,S0757,C014,J0219,2025,0.2976840138435364,0,1
A02024,S0451,C051,J0003,2024,0.9545448422431946,1,1
A02025,S0971,C124,J0176,2023,0.05336331948637962,0,0
A02026,S0726,C085,J0089,2023,0.12720078229904175,0,0
A02027,S1243,C047,J0227,2025,0.9617785215377808,1,1
A02028,S0481,C140,J0133,2026,0.06937368959188461,0,0
A02029,S0757,C077,J0199,2025,0.9671539664268494,1,1
A02030,S1213,C020,J0204,2026,0.2815064489841461,0,0
A02031,S1128,C007,J0261,2025,0.97336345911026,1,1
A02032,S0036,C074,J0005,2026,0.0729650929570198,0,0
A02033,S1602,C129,J0252,2026,0.9650882482528687,1,1
A02034,S1695,C108,J0234,2024,0.5027031898498535,1,0
A02035,S0883,C129,J0230,2024,0.7939417958259583,1,1
A02036,S1115,C025,J0170,2025,0.9687707424163818,1,1
A02037,S1059,C061,J0043,2025,0.8950937986373901,1,1
A02038,S0848,C018,J0010,2023,0.884955108165741,1,1
A02039,S1287,C118,J0228,2023,0.9467683434486389,1,1
A02040,S1061,C020,J0204,2023,0.08415663987398148,0,0
A02041,S0701,C045,J0243,2024,0.16485287249088287,0,0
A02042,S0170,C048,J0126,2025,0.9702264666557312,1,1
A02043,S1582,C052,J0175,2026,0.9158961772918701,1,1
A02044,S0859,C063,J0162,2024,0.13259553909301758,0,0
A02045,S0646,C081,J0236,2026,0.16124796867370605,0,0
A02046,S1047,C071,J0035,2023,0.9544948935508728,1,1
A02047,S1343,C014,J0219,2025,0.29872655868530273,0,0
A02048,S1016,C131,J0173,2024,0.9730147123336792,1,1
A02049,S0810,C088,J0123,2025,0.07254695147275925,0,0
A02050,S1370,C129,J0252,2024,0.9699272513389587,1,1
A02051,S1517,C069,J0153,2023,0.954143226146698,1,1
A02052,S0081,C057,J0289,2025,0.18912482261657715,0,1
A02053,S1519,C013,J0198,2025,0.140016570687294,0,0
A02054,S0039,C137,J0147,2025,0.87971031665802,1,1
A02055,S1230,C077,J0074,2023,0.732632040977478,1,1
A02056,S0932,C129,J0252,2024,0.6324906945228577,1,0
A02057,S1207,C071,J0035,2023,0.9442113637924194,1,1
A02058,S1502,C130,J0092,2023,0.9573931694030762,1,1
A02059,S1346,C020,J0204,2024,0.7540865540504456,1,1
A02060,S1639,C057,J0016,2026,0.9725710153579712,1,1
A02061,S1332,C078,J0210,2026,0.46815013885498047,0,1
A02062,S0737,C048,J0066,2026,0.6642035841941833,1,1
A02063,S1064,C110,J0220,2026,0.9437440037727356,1,1
A02064,S1297,C119,J0135,2024,0.2997421324253082,0,1
A02065,S1619,C051,J0003,2023,0.7717792987823486,1,1
A02066,S1336,C089,J0009,2024,0.07253512740135193,0,0
A02067,S0720,C024,J0284,2024,0.9582601189613342,1,1
A02068,S0635,C081,J0093,2026,0.9671738147735596,1,1
A02069,S1279,C079,J0291,2025,0.973206639289856,1,1
A02070,S0848,C113,J0288,2025,0.7923052310943604,1,0
A02071,S0267,C069,J0153,2023,0.41787078976631165,0,1
A02072,S0825,C051,J0244,2025,0.09522155672311783,0,0
A02073,S0058,C011,J0253,2024,0.18867537379264832,0,0
A02074,S0504,C045,J0169,2025,0.14975003898143768,0,1
A02075,S1686,C102,J0179,2025,0.6963257193565369,1,0
A02076,S1007,C091,J0082,2024,0.7167366147041321,1,1
A02077,S0957,C018,J0168,2025,0.08668188005685806,0,0
A02078,S0280,C069,J0153,2023,0.3600558936595917,0,0
A02079,S1644,C028,J0242,2024,0.26068955659866333,0,0
A02080,S1550,C113,J0104,2026,0.2032996267080307,0,0
A02081,S1347,C024,J0113,2024,0.09284093976020813,0,0
A02082,S0656,C041,J0194,2023,0.8315539360046387,1,1
A02083,S0324,C119,J0135,2023,0.9483293890953064,1,1
A02084,S1129,C007,J0261,2026,0.10305687040090561,0,0
A02085,S0548,C007,J0261,2026,0.9242572784423828,1,1
A02086,S1673,C125,J0142,2024,0.05125442147254944,0,0
A02087,S1442,C136,J0254,2024,0.09178652614355087,0,0
A02088,S0239,C071,J0270,2023,0.22744646668434143,0,0
A02089,S0758,C013,J0183,2024,0.969657838344574,1,1
A02090,S1043,C112,J0272,2024,0.9751952290534973,1,1
A02091,S0819,C001,J0117,2025,0.9625503420829773,1,1
A02092,S0224,C115,J0201,2024,0.9339168071746826,1,1
A02093,S0540,C068,J0181,2025,0.11280566453933716,0,1
A02094,S0072,C022,J0030,2024,0.9665478467941284,1,1
A02095,S1271,C111,J0125,2026,0.9710245132446289,1,1
A02096,S0324,C049,J0095,2025,0.9532716870307922,1,1
A02097,S0682,C060,J0222,2026,0.0653548464179039,0,0
A02098,S1265,C012,J0091,2026,0.09288256615400314,0,0
A02099,S0918,C025,J0170,2026,0.9390303492546082,1,1
A02100,S1609,C120,J0137,2026,0.12561939656734467,0,0
A02101,S0813,C036,J0275,2023,0.24320389330387115,0,0
A02102,S0265,C013,J0183,2025,0.8716786503791809,1,1
A02103,S0126,C060,J0222,2024,0.9675196409225464,1,1
A02104,S0625,C062,J0051,2024,0.9654942750930786,1,1
A02105,S0527,C017,J0071,2023,0.9722113609313965,1,1
A02106,S1566,C051,J0244,2024,0.5012836456298828,1,0
A02107,S1446,C131,J0173,2026,0.8781988620758057,1,1
A02108,S1409,C091,J0062,2024,0.09060848504304886,0,0
A02109,S1671,C097,J0064,2023,0.9593484401702881,1,1
A02110,S1020,C125,J0073,2023,0.9739133715629578,1,1
A02111,S1448,C117,J0102,2025,0.05992992967367172,0,0
A02112,S1476,C078,J0232,2025,0.564552903175354,1,1
A02113,S0716,C055,J0090,2023,0.9748926162719727,1,1
A02114,S1233,C003,J0245,2025,0.09449101984500885,0,1
A02115,S0949,C020,J0011,2025,0.6437726616859436,1,1
A02116,S0939,C005,J0004,2025,0.9723543524742126,1,1
A02117,S1158,C054,J0039,2023,0.049189530313014984,0,0
A02118,S1513,C113,J0190,2026,0.35660016536712646,0,0
A02119,S0312,C068,J0276,2025,0.6872643828392029,1,0
A02120,S1162,C122,J0119,2025,0.9626808166503906,1,1
A02121,S1117,C040,J0038,2024,0.1795331984758377,0,1
A02122,S0135,C086,J0258,2024,0.7312300205230713,1,1
A02123,S0741,C050,J0277,2026,0.8778790831565857,1,0
A02124,S0349,C125,J0116,2025,0.22672177851200104,0,0
A02125,S0616,C068,J0276,2025,0.3820123076438904,0,1
A02126,S1295,C048,J0066,2026,0.6916862726211548,1,1
A02127,S0519,C011,J0012,2024,0.8164107203483582,1,1
A02128,S0528,C109,J0217,2024,0.11866326630115509,0,0
A02129,S0483,C121,J0224,2026,0.10037069022655487,0,0
A02130,S0118,C129,J0124,2026,0.2765980362892151,0,0
A02131,S0235,C071,J0035,2024,0.9669671058654785,1,1
A02132,S1388,C023,J0166,2026,0.08976399153470993,0,0
A02133,S0612,C110,J0078,2026,0.6117233633995056,1,1
A02134,S0608,C100,J0247,2023,0.972868025302887,1,1
A02135,S1512,C004,J0268,2025,0.9607840180397034,1,1
A02136,S1645,C028,J0034,2024,0.1431979238986969,0,0
A02137,S1518,C030,J0269,2024,0.810387134552002,1,0
A02138,S0217,C114,J0042,2026,0.06528544425964355,0,0
A02139,S0273,C040,J0182,2026,0.8999814391136169,1,0
A02140,S1428,C091,J0082,2026,0.8744161128997803,1,1
A02141,S1268,C089,J0009,2023,0.2612438499927521,0,0
A02142,S0435,C001,J0117,2026,0.9756478071212769,1,1
A02143,S1207,C049,J0052,2026,0.9574031829833984,1,1
A02144,S0644,C135,J0172,2023,0.9508185386657715,1,1
A02145,S0763,C133,J0218,2026,0.932296097278595,1,1
A02146,S0258,C055,J0249,2025,0.47774773836135864,0,0
A02147,S1084,C061,J0043,2024,0.9677070379257202,1,1
A02148,S1166,C137,J0300,2025,0.13911472260951996,0,0
A02149,S1258,C039,J0100,2023,0.059781450778245926,0,0
A02150,S1136,C075,J0072,2024,0.8860446214675903,1,1
A02151,S1558,C093,J0200,2026,0.9659886956214905,1,1
A02152,S1533,C039,J0100,2025,0.046720296144485474,0,0
A02153,S0169,C056,J0049,2025,0.16807103157043457,0,0
A02154,S1066,C124,J0176,2025,0.09294586628675461,0,0
A02155,S0548,C085,J0089,2023,0.9637420177459717,1,1
A02156,S1666,C048,J0202,2024,0.15412816405296326,0,0
A02157,S0205,C108,J0085,2026,0.9646987318992615,1,1
A02158,S1047,C048,J0212,2025,0.6067720651626587,1,1
A02159,S0954,C137,J0157,2025,0.9364542961120605,1,1
A02160,S0697,C006,J0114,2024,0.8411019444465637,1,1
A02161,S0038,C110,J0250,2026,0.8819494843482971,1,1
A02162,S0864,C096,J0296,2024,0.5298022627830505,1,1
A02163,S0950,C049,J0192,2024,0.6575583219528198,1,0
A02164,S1659,C128,J0084,2024,0.9764668345451355,1,1
A02165,S0419,C059,J0177,2024,0.8863536715507507,1,1
A02166,S1175,C014,J0263,2025,0.10019656270742416,0,1
A02167,S1551,C120,J0137,2024,0.09513852745294571,0,0
A02168,S0339,C007,J0167,2024,0.972905695438385,1,1
A02169,S1134,C103,J0145,2025,0.22187450528144836,0,0
A02170,S1546,C119,J0135,2026,0.7009570598602295,1,1
A02171,S1318,C024,J0113,2024,0.4779268801212311,0,1
A02172,S1483,C036,J0055,2026,0.37598317861557007,0,1
A02173,S0384,C007,J0160,2025,0.07775026559829712,0,0
A02174,S0852,C082,J0158,2026,0.9280577301979065,1,1
A02175,S1162,C089,J0001,2024,0.9624872803688049,1,1
A02176,S0824,C111,J0077,2024,0.1802457869052887,0,0
A02177,S1024,C048,J0066,2026,0.21047480404376984,0,1
A02178,S0189,C041,J0194,2025,0.8572342395782471,1,0
A02179,S1316,C122,J0279,2026,0.07549697905778885,0,0
A02180,S1528,C001,J0180,2026,0.25512784719467163,0,1
A02181,S0122,C048,J0212,2025,0.1023302897810936,0,1
A02182,S0835,C005,J0081,2025,0.9758725166320801,1,1
A02183,S0874,C099,J0208,2025,0.883350133895874,1,1
A02184,S1528,C114,J0042,2023,0.37903544306755066,0,1
A02185,S0070,C112,J0264,2023,0.6577525734901428,1,1
A02186,S1588,C085,J0089,2026,0.91963791847229,1,1
A02187,S1565,C110,J0250,2024,0.8922214508056641,1,1
A02188,S1152,C056,J0049,2026,0.09654960036277771,0,0
A02189,S0873,C085,J0255,2024,0.9225318431854248,1,1
A02190,S1393,C021,J0273,2024,0.27472934126853943,0,0
A02191,S0819,C073,J0293,2023,0.9528946280479431,1,1
A02192,S0253,C113,J0193,2025,0.16539236903190613,0,0
A02193,S0210,C120,J0137,2026,0.10639911144971848,0,0
A02194,S0412,C099,J0208,2025,0.09306828677654266,0,0
A02195,S0968,C100,J0247,2024,0.8321215510368347,1,1
A02196,S1084,C025,J0170,2025,0.9419188499450684,1,1
A02197,S0906,C140,J0033,2025,0.4304324984550476,0,1
A02198,S1212,C135,J0172,2026,0.741247832775116,1,1
A02199,S0977,C124,J0059,2024,0.05717218667268753,0,0
A02200,S1395,C025,J0197,2025,0.3235110640525818,0,0
A02201,S0159,C089,J0266,2023,0.9748856425285339,1,1
A02202,S0753,C059,J0226,2025,0.975408673286438,1,1
A02203,S0192,C037,J0143,2026,0.11434261500835419,0,0
A02204,S1349,C007,J0261,2026,0.9461467266082764,1,1
A02205,S0442,C055,J0249,2023,0.7765493988990784,1,1
A02206,S0210,C061,J0043,2025,0.09192630648612976,0,0
A02207,S0706,C091,J0062,2024,0.6222547888755798,1,0
A02208,S0533,C013,J0183,2025,0.6580854058265686,1,1
A02209,S0953,C003,J0099,2026,0.1022367775440216,0,0
A02210,S0899,C099,J0047,2024,0.9680876135826111,1,1
A02211,S0016,C084,J0115,2023,0.1636268049478531,0,1
A02212,S0005,C073,J0293,2024,0.060311973094940186,0,0
A02213,S0066,C074,J0239,2026,0.15279850363731384,0,0
A02214,S1320,C013,J0118,2025,0.4010179340839386,0,0
A02215,S1145,C086,J0267,2023,0.9751763343811035,1,1
A02216,S0261,C112,J0264,2026,0.17235754430294037,0,0
A02217,S0188,C121,J0283,2024,0.9693460464477539,1,1
A02218,S0484,C043,J0221,2023,0.9308342933654785,1,1
A02219,S1367,C028,J0242,2025,0.9722603559494019,1,1
A02220,S1184,C099,J0208,2026,0.9281718134880066,1,1
A02221,S0605,C082,J0122,2024,0.9754034280776978,1,1
A02222,S0107,C077,J0199,2023,0.9762059450149536,1,1
A02223,S0275,C102,J0006,2024,0.9393249750137329,1,1
A02224,S0019,C117,J0102,2026,0.08350032567977905,0,0
A02225,S1530,C096,J0060,2026,0.16697098314762115,0,0
A02226,S1193,C059,J0226,2025,0.8812039494514465,1,0
A02227,S0836,C117,J0037,2026,0.9741398096084595,1,1
A02228,S1018,C066,J0240,2024,0.9729583859443665,1,1
A02229,S0916,C024,J0113,2024,0.9716459512710571,1,1
A02230,S0818,C028,J0024,2026,0.42551612854003906,0,1
A02231,S1222,C122,J0088,2025,0.4428536295890808,0,1
A02232,S1601,C066,J0259,2026,0.9456407427787781,1,1
A02233,S0671,C085,J0130,2026,0.08438961207866669,0,1
A02234,S0791,C081,J0108,2024,0.900891900062561,1,1
A02235,S1647,C032,J0138,2023,0.38165009021759033,0,1
A02236,S0142,C116,J0046,2024,0.9371176958084106,1,0
A02237,S0019,C049,J0095,2026,0.12895575165748596,0,0
A02238,S0837,C055,J0090,2026,0.9602291584014893,1,0
A02239,S1246,C133,J0218,2026,0.9784634709358215,1,1
A02240,S0999,C089,J0266,2025,0.9539632201194763,1,1
A02241,S1619,C049,J0297,2025,0.8327687382698059,1,0
A02242,S0085,C093,J0161,2025,0.0971703752875328,0,0
A02243,S0443,C025,J0002,2024,0.9348012208938599,1,1
A02244,S0777,C101,J0070,2026,0.9094278812408447,1,1
A02245,S0607,C066,J0259,2023,0.6939684748649597,1,1
A02246,S0816,C059,J0226,2025,0.9721434116363525,1,1
A02247,S0499,C110,J0250,2025,0.4648767411708832,0,1
A02248,S0569,C068,J0260,2023,0.9660240411758423,1,1
A02249,S0607,C007,J0261,2024,0.1845705658197403,0,1
A02250,S0405,C065,J0184,2025,0.963927149772644,1,1
A02251,S1554,C070,J0013,2025,0.973484218120575,1,1
A02252,S0556,C070,J0058,2025,0.9158318638801575,1,0
A02253,S1225,C075,J0072,2024,0.9616665840148926,1,1
A02254,S1318,C046,J0214,2023,0.41072243452072144,0,0
A02255,S0396,C043,J0221,2023,0.059968575835227966,0,0
A02256,S1533,C014,J0219,2026,0.050153303891420364,0,0
A02257,S0847,C051,J0141,2025,0.9765729308128357,1,1
A02258,S0369,C087,J0246,2024,0.0589601993560791,0,0
A02259,S0899,C020,J0011,2025,0.9700068831443787,1,1
A02260,S1318,C020,J0204,2026,0.4881872832775116,0,1
A02261,S0393,C122,J0171,2025,0.0984717383980751,0,0
A02262,S1415,C065,J0184,2023,0.9449042081832886,1,1
A02263,S1288,C140,J0121,2026,0.9551640748977661,1,1
A02264,S0862,C103,J0298,2025,0.9731066823005676,1,1
A02265,S0418,C103,J0298,2026,0.9663300514221191,1,0
A02266,S0566,C026,J0136,2026,0.7227514982223511,1,1
A02267,S1242,C129,J0080,2025,0.9746930599212646,1,1
A02268,S1215,C059,J0045,2025,0.8437938094139099,1,1
A02269,S1688,C036,J0055,2025,0.07618974894285202,0,0
A02270,S1503,C121,J0224,2023,0.1040477305650711,0,0
A02271,S0023,C039,J0100,2026,0.07108868658542633,0,0
A02272,S0623,C068,J0065,2024,0.8462914824485779,1,1
A02273,S0187,C078,J0026,2024,0.16988180577754974,0,1
A02274,S0315,C081,J0093,2024,0.18209277093410492,0,0
A02275,S1417,C137,J0032,2023,0.5828658938407898,1,1
A02276,S0640,C015,J0129,2025,0.9168407917022705,1,1
A02277,S1408,C125,J0150,2025,0.12400369346141815,0,0
A02278,S1399,C129,J0230,2023,0.9704129099845886,1,1
A02279,S1464,C079,J0294,2023,0.9195144176483154,1,1
A02280,S0284,C070,J0058,2024,0.8316335678100586,1,0
A02281,S0870,C124,J0059,2023,0.43085309863090515,0,1
A02282,S0763,C001,J0040,2026,0.4214611351490021,0,1
A02283,S0142,C120,J0025,2023,0.9697704911231995,1,1
A02284,S0141,C085,J0255,2023,0.9544821977615356,1,1
A02285,S0097,C036,J0275,2026,0.09989608079195023,0,0
A02286,S0036,C124,J0241,2026,0.075532466173172,0,0
A02287,S0913,C069,J0152,2025,0.4454641342163086,0,1
A02288,S1113,C014,J0263,2026,0.09877530485391617,0,0
A02289,S1503,C057,J0289,2024,0.06422540545463562,0,0
A02290,S1172,C018,J0144,2024,0.6856796145439148,1,1
A02291,S0037,C007,J0160,2026,0.07122133672237396,0,0
A02292,S0030,C017,J0262,2026,0.5233076214790344,1,1
A02293,S1319,C007,J0261,2025,0.4583418369293213,0,1
A02294,S0130,C002,J0211,2024,0.12487492710351944,0,0
A02295,S0747,C068,J0151,2025,0.16252966225147247,0,1
A02296,S1414,C049,J0095,2024,0.9744442701339722,1,1
A02297,S0269,C136,J0237,2023,0.16028866171836853,0,0
A02298,S1592,C104,J0148,2024,0.07903693616390228,0,0
A02299,S0961,C109,J0156,2024,0.9653984904289246,1,1
A02300,S0588,C046,J0214,2024,0.6390567421913147,1,1
A02301,S0890,C130,J0053,2023,0.9629037976264954,1,1
A02302,S0800,C089,J0009,2024,0.4066481590270996,0,0
A02303,S0037,C039,J0100,2026,0.06219039112329483,0,0
A02304,S1062,C068,J0276,2026,0.20742247998714447,0,1
A02305,S1681,C140,J0121,2024,0.8847719430923462,1,1
A02306,S0819,C078,J0232,2026,0.8499894738197327,1,1
A02307,S0296,C071,J0270,2026,0.7713712453842163,1,1
A02308,S1378,C012,J0091,2024,0.09491579979658127,0,0
A02309,S1226,C026,J0136,2024,0.12153303623199463,0,0
A02310,S0069,C137,J0087,2023,0.9663174152374268,1,1
A02311,S0629,C117,J0037,2026,0.9583807587623596,1,1
A02312,S0744,C043,J0174,2024,0.1648254096508026,0,0
A02313,S1278,C121,J0224,2023,0.9695000648498535,1,1
A02314,S0263,C077,J0199,2025,0.9733831286430359,1,1
A02315,S0582,C010,J0131,2024,0.5338309407234192,1,0
A02316,S0961,C039,J0100,2025,0.9682736992835999,1,1
A02317,S0038,C069,J0153,2026,0.2672986388206482,0,1
A02318,S1435,C117,J0037,2023,0.18660281598567963,0,1
A02319,S1556,C108,J0292,2023,0.9328522086143494,1,1
A02320,S0881,C123,J0019,2024,0.0966465100646019,0,0
A02321,S1381,C116,J0046,2025,0.26095449924468994,0,0
A02322,S1036,C011,J0253,2023,0.37187936902046204,0,1
A02323,S0287,C085,J0255,2026,0.4078085124492645,0,1
A02324,S1551,C089,J0009,2023,0.1456257700920105,0,0
A02325,S0092,C066,J0259,2025,0.05387856438755989,0,0
A02326,S1291,C045,J0243,2025,0.9679926633834839,1,1
A02327,S1024,C045,J0021,2026,0.7160648703575134,1,0
A02328,S0469,C060,J0222,2024,0.11695179343223572,0,0
A02329,S1513,C062,J0051,2026,0.8761612772941589,1,0
A02330,S1513,C066,J0240,2024,0.7240208387374878,1,1
A02331,S0431,C118,J0228,2025,0.5885642170906067,1,1
A02332,S0489,C027,J0213,2023,0.4403949975967407,0,0
A02333,S1075,C018,J0205,2025,0.6797500848770142,1,1
A02334,S1265,C115,J0201,2025,0.08754591643810272,0,0
A02335,S0552,C060,J0222,2026,0.21704232692718506,0,1
A02336,S0905,C093,J0161,2024,0.9275788068771362,1,1
A02337,S0711,C059,J0014,2024,0.9733502864837646,1,1
A02338,S1191,C091,J0248,2026,0.8166928291320801,1,1
A02339,S0329,C081,J0155,2024,0.17195159196853638,0,0
A02340,S0921,C068,J0178,2025,0.9740597009658813,1,1
A02341,S0413,C030,J0054,2025,0.06668400764465332,0,0
A02342,S0916,C051,J0244,2026,0.974277675151825,1,1
A02343,S1016,C128,J0111,2024,0.912847638130188,1,1
A02344,S1624,C028,J0034,2024,0.9375285506248474,1,1
A02345,S1380,C129,J0080,2026,0.9707214832305908,1,1
A02346,S1434,C020,J0011,2024,0.05562877282500267,0,0
A02347,S1289,C117,J0102,2026,0.898593544960022,1,1
A02348,S0431,C007,J0167,2026,0.8814963102340698,1,1
A02349,S0153,C005,J0081,2024,0.9299441576004028,1,1
A02350,S1535,C127,J0063,2026,0.6887755393981934,1,1
A02351,S0222,C135,J0172,2026,0.9691162109375,1,1
A02352,S0605,C087,J0068,2023,0.975989580154419,1,1
A02353,S1549,C027,J0213,2025,0.9574699997901917,1,1
A02354,S1289,C128,J0111,2025,0.9083442091941833,1,1
A02355,S0385,C048,J0066,2023,0.4913054406642914,0,1
A02356,S0975,C121,J0224,2025,0.9742908477783203,1,1
A02357,S0998,C140,J0033,2025,0.2545410692691803,0,1
A02358,S0333,C031,J0020,2023,0.9762758016586304,1,1
A02359,S0332,C048,J0212,2025,0.04678972437977791,0,0
A02360,S1240,C070,J0058,2023,0.64854896068573,1,1
A02361,S1443,C030,J0269,2025,0.8607757091522217,1,0
A02362,S0737,C075,J0072,2026,0.9655143618583679,1,1
A02363,S1415,C122,J0223,2026,0.9729103446006775,1,1
A02364,S1090,C108,J0163,2023,0.9723150134086609,1,1
A02365,S0417,C129,J0080,2025,0.22594588994979858,0,0
A02366,S1429,C034,J0286,2025,0.5621321201324463,1,1
A02367,S0636,C063,J0203,2024,0.9483020901679993,1,1
A02368,S1263,C140,J0033,2025,0.08950862288475037,0,1
A02369,S1397,C018,J0205,2025,0.9396548271179199,1,1
A02370,S1144,C068,J0065,2026,0.9716710448265076,1,1
A02371,S0320,C013,J0198,2024,0.22242170572280884,0,0
A02372,S0974,C065,J0184,2023,0.141694113612175,0,0
A02373,S0290,C111,J0125,2025,0.9651501178741455,1,1
A02374,S0451,C106,J0196,2026,0.962152898311615,1,1
A02375,S0086,C051,J0209,2025,0.668053150177002,1,0
A02376,S1672,C119,J0251,2025,0.9189781546592712,1,1
A02377,S0282,C025,J0197,2026,0.1428728848695755,0,0
A02378,S1508,C114,J0042,2025,0.13245929777622223,0,0
A02379,S0525,C005,J0004,2025,0.9523972272872925,1,1
A02380,S1063,C046,J0214,2024,0.9723373651504517,1,1
A02381,S0317,C079,J0294,2024,0.4623582363128662,0,0
A02382,S1046,C122,J0132,2026,0.18496771156787872,0,0
A02383,S0261,C127,J0063,2024,0.11511989682912827,0,1
A02384,S1382,C111,J0077,2025,0.9038224220275879,1,0
A02385,S0308,C113,J0190,2025,0.783356785774231,1,0
A02386,S1160,C125,J0116,2026,0.96897953748703,1,1
A02387,S1505,C125,J0154,2025,0.44805359840393066,0,0
A02388,S0755,C006,J0114,2023,0.10303520411252975,0,1
A02389,S0621,C052,J0175,2024,0.06902109086513519,0,0
A02390,S0331,C105,J0098,2026,0.16305731236934662,0,0
A02391,S0659,C028,J0034,2025,0.16730941832065582,0,0
A02392,S0882,C128,J0111,2023,0.6924411654472351,1,1
A02393,S1335,C071,J0035,2025,0.19116337597370148,0,1
A02394,S0519,C070,J0128,2024,0.8918532729148865,1,1
A02395,S0756,C023,J0166,2025,0.8195180296897888,1,1
A02396,S0312,C099,J0047,2026,0.8087126612663269,1,0
A02397,S0092,C014,J0219,2024,0.03939303010702133,0,0
A02398,S0974,C137,J0157,2026,0.16638465225696564,0,0
A02399,S0161,C111,J0195,2023,0.25919443368911743,0,0
A02400,S0541,C093,J0161,2024,0.11660388857126236,0,0
A02401,S1310,C074,J0239,2025,0.9744760990142822,1,1
A02402,S0585,C066,J0240,2026,0.5117838382720947,1,1
A02403,S0982,C078,J0210,2026,0.26610928773880005,0,0
A02404,S0979,C081,J0093,2026,0.9731267094612122,1,1
A02405,S1229,C116,J0046,2025,0.20481343567371368,0,0
A02406,S0247,C013,J0183,2024,0.5901820659637451,1,1
A02407,S1017,C001,J0040,2024,0.9614053964614868,1,1
A02408,S1644,C119,J0135,2025,0.6317636966705322,1,1
A02409,S1681,C130,J0207,2025,0.9020843505859375,1,1
A02410,S1397,C057,J0289,2025,0.7466906309127808,1,1
A02411,S0403,C073,J0293,2025,0.154758483171463,0,0
A02412,S0081,C102,J0023,2026,0.19195838272571564,0,1
A02413,S0204,C117,J0149,2024,0.1434720903635025,0,0
A02414,S0960,C034,J0086,2023,0.9482900500297546,1,1
A02415,S0374,C031,J0020,2025,0.0699164867401123,0,0
A02416,S0379,C063,J0203,2023,0.9615270495414734,1,1
A02417,S0685,C127,J0063,2024,0.0986800342798233,0,0
A02418,S0257,C040,J0182,2023,0.9012265801429749,1,1
A02419,S1698,C115,J0201,2026,0.09303423762321472,0,0
A02420,S1596,C127,J0110,2023,0.6074822545051575,1,0
A02421,S1537,C112,J0272,2025,0.3535827696323395,0,1
A02422,S1034,C097,J0278,2025,0.1155814677476883,0,0
A02423,S1429,C017,J0262,2024,0.7004596590995789,1,0
A02424,S0628,C099,J0047,2024,0.897343099117279,1,0
A02425,S0792,C109,J0217,2025,0.25618231296539307,0,0
A02426,S0646,C077,J0199,2026,0.5298956036567688,1,1
A02427,S0733,C125,J0073,2025,0.6777980923652649,1,1
A02428,S1160,C022,J0238,2026,0.9718342423439026,1,1
A02429,S0372,C074,J0094,2025,0.6476892232894897,1,1
A02430,S1305,C013,J0183,2023,0.9578353762626648,1,1
A02431,S0893,C028,J0076,2026,0.891666054725647,1,0
A02432,S1608,C030,J0054,2025,0.8761388659477234,1,1
A02433,S1085,C121,J0140,2026,0.107878178358078,0,0
A02434,S1656,C097,J0064,2025,0.5619122385978699,1,1
A02435,S0692,C062,J0051,2023,0.894186794757843,1,1
A02436,S0833,C061,J0097,2025,0.9689931869506836,1,1
A02437,S0049,C136,J0029,2026,0.966754138469696,1,1
A02438,S0208,C117,J0037,2026,0.8437138199806213,1,1
A02439,S0788,C128,J0285,2025,0.12400658428668976,0,0
A02440,S0630,C085,J0216,2025,0.19726812839508057,0,1
A02441,S0399,C113,J0288,2025,0.9743233323097229,1,1
A02442,S0205,C079,J0291,2024,0.9717190861701965,1,1
A02443,S0736,C028,J0076,2026,0.3514414429664612,0,0
A02444,S1477,C111,J0195,2026,0.557173490524292,1,1
A02445,S1601,C028,J0076,2026,0.9666714668273926,1,1
A02446,S0826,C014,J0263,2026,0.0996285155415535,0,0
A02447,S0528,C083,J0274,2024,0.16289010643959045,0,0
A02448,S0472,C049,J0052,2024,0.28881633281707764,0,1
A02449,S1132,C108,J0163,2026,0.11185447871685028,0,0
A02450,S1316,C137,J0157,2026,0.09635329246520996,0,0
A02451,S0161,C028,J0015,2023,0.9517083764076233,1,1
A02452,S1625,C085,J0255,2024,0.22106745839118958,0,1
A02453,S0072,C018,J0144,2025,0.9668125510215759,1,1
A02454,S0163,C018,J0144,2025,0.9505595564842224,1,1
A02455,S0308,C068,J0260,2026,0.511630654335022,1,0
A02456,S1038,C121,J0140,2026,0.9752025008201599,1,1
A02457,S1606,C097,J0278,2026,0.10699762403964996,0,0
A02458,S0558,C007,J0167,2024,0.9736020565032959,1,1
A02459,S1469,C045,J0021,2026,0.9627723097801208,1,1
A02460,S0015,C062,J0051,2024,0.9730960130691528,1,1
A02461,S1038,C021,J0290,2026,0.9759262204170227,1,1
A02462,S0425,C059,J0045,2026,0.546985924243927,1,0
A02463,S0490,C013,J0118,2025,0.9658582210540771,1,1
A02464,S0157,C068,J0181,2024,0.08429130911827087,0,0
A02465,S1167,C115,J0079,2025,0.9569674134254456,1,1
A02466,S0977,C128,J0231,2024,0.05672306939959526,0,0
A02467,S0405,C070,J0128,2026,0.9610531330108643,1,1
A02468,S0929,C117,J0037,2024,0.6468536853790283,1,0
A02469,S1524,C035,J0134,2025,0.9063946604728699,1,1
A02470,S0809,C101,J0070,2026,0.07002823054790497,0,0
A02471,S0691,C111,J0235,2024,0.07577627152204514,0,0
A02472,S0337,C079,J0096,2025,0.09641620516777039,0,0
A02473,S1078,C003,J0103,2024,0.11044531315565109,0,0
A02474,S1401,C059,J0014,2023,0.9150758981704712,1,1
A02475,S1585,C128,J0111,2023,0.21293026208877563,0,0
A02476,S0483,C030,J0054,2025,0.11051293462514877,0,0
A02477,S0445,C018,J0205,2024,0.6991909742355347,1,1
A02478,S0072,C125,J0116,2025,0.9666816592216492,1,1
A02479,S1573,C056,J0164,2026,0.9361631870269775,1,1
A02480,S0827,C130,J0207,2026,0.9608580470085144,1,1
A02481,S1502,C111,J0125,2026,0.956739068031311,1,1
A02482,S1621,C028,J0076,2026,0.07161005586385727,0,0
A02483,S0638,C130,J0225,2025,0.07643262296915054,0,0
A02484,S0401,C058,J0229,2026,0.05049758031964302,0,0
A02485,S1690,C108,J0163,2024,0.07725158333778381,0,0
A02486,S0108,C022,J0238,2023,0.9017044901847839,1,1
A02487,S1046,C055,J0090,2025,0.8873053789138794,1,1
A02488,S0799,C127,J0110,2026,0.9389656186103821,1,1
A02489,S1578,C113,J0288,2025,0.41709449887275696,0,0
A02490,S1534,C034,J0036,2026,0.7491587996482849,1,0
A02491,S1541,C084,J0115,2025,0.9586462378501892,1,1
A02492,S0772,C082,J0122,2025,0.34282803535461426,0,0
A02493,S0970,C093,J0200,2025,0.2647048830986023,0,0
A02494,S1598,C016,J0257,2024,0.960515022277832,1,1
A02495,S0379,C059,J0045,2024,0.9713506102561951,1,1
A02496,S1166,C013,J0198,2023,0.17202505469322205,0,0
A02497,S0934,C024,J0284,2024,0.975807785987854,1,1
A02498,S1533,C132,J0017,2025,0.06282603740692139,0,0
A02499,S0243,C048,J0212,2025,0.04017522186040878,0,0
A02500,S0741,C045,J0243,2024,0.7891393303871155,1,1
A02501,S0418,C071,J0035,2023,0.9686520099639893,1,1
A02502,S1492,C128,J0231,2025,0.7628940939903259,1,0
A02503,S0873,C129,J0124,2026,0.9562333822250366,1,1
A02504,S0386,C022,J0238,2026,0.9688127040863037,1,0
A02505,S1017,C070,J0128,2024,0.9563751220703125,1,1
A02506,S0947,C087,J0068,2026,0.867027759552002,1,1
A02507,S0924,C125,J0150,2025,0.9633979797363281,1,1
A02508,S0418,C113,J0190,2024,0.9661840796470642,1,1
A02509,S1294,C127,J0041,2026,0.35591205954551697,0,0
A02510,S1260,C042,J0007,2024,0.484721302986145,0,1
A02511,S1369,C074,J0005,2026,0.9359340071678162,1,1
A02512,S0769,C137,J0157,2024,0.3294433057308197,0,1
A02513,S0264,C074,J0094,2025,0.08978121727705002,0,0
A02514,S0723,C111,J0077,2025,0.7792448401451111,1,0
A02515,S0669,C102,J0179,2025,0.9755716323852539,1,1
A02516,S1392,C074,J0094,2026,0.8589825630187988,1,1
A02517,S1238,C089,J0009,2026,0.29270339012145996,0,0
A02518,S0751,C066,J0240,2025,0.08127180486917496,0,0
A02519,S1069,C130,J0299,2023,0.16030685603618622,0,0
A02520,S0897,C013,J0198,2024,0.179081529378891,0,0
A02521,S1667,C070,J0013,2025,0.9762527346611023,1,1
A02522,S0681,C113,J0048,2025,0.9185408353805542,1,1
A02523,S0014,C117,J0037,2023,0.2907833755016327,0,1
A02524,S1377,C096,J0060,2026,0.0762491226196289,0,0
A02525,S0047,C108,J0085,2023,0.0840752124786377,0,0
A02526,S0930,C026,J0136,2026,0.44127270579338074,0,0
A02527,S0254,C074,J0094,2025,0.954888105392456,1,1
A02528,S1365,C118,J0228,2025,0.8595365881919861,1,1
A02529,S0484,C087,J0246,2025,0.9231582283973694,1,1
A02530,S0301,C102,J0179,2026,0.13040116429328918,0,0
A02531,S0348,C035,J0134,2025,0.9227495193481445,1,1
A02532,S0645,C003,J0245,2026,0.9024186134338379,1,1
A02533,S0111,C048,J0202,2026,0.06934430450201035,0,0
A02534,S0613,C085,J0130,2023,0.09052877128124237,0,0
A02535,S1434,C087,J0206,2025,0.08284597098827362,0,0
A02536,S1146,C050,J0277,2025,0.972548246383667,1,1
A02537,S1514,C059,J0226,2025,0.9759397506713867,1,1
A02538,S0327,C070,J0128,2026,0.9008941054344177,1,1
A02539,S0008,C050,J0265,2025,0.978245735168457,1,1
A02540,S0261,C089,J0001,2025,0.20784708857536316,0,1
A02541,S0484,C128,J0111,2025,0.9317582249641418,1,1
A02542,S1458,C018,J0144,2025,0.9602365493774414,1,1
A02543,S0735,C077,J0287,2024,0.751843273639679,1,0
A02544,S0059,C070,J0128,2023,0.3384592533111572,0,1
A02545,S0403,C122,J0132,2026,0.06974208354949951,0,0
A02546,S0665,C127,J0041,2026,0.3215489685535431,0,0
A02547,S1275,C070,J0058,2026,0.9124066829681396,1,0
A02548,S0199,C087,J0068,2025,0.2747933268547058,0,0
A02549,S1555,C026,J0136,2024,0.9574394822120667,1,1
A02550,S1545,C059,J0177,2024,0.9718759059906006,1,1
A02551,S0867,C021,J0273,2024,0.17523400485515594,0,0
A02552,S0725,C064,J0191,2025,0.9767534732818604,1,1
A02553,S0934,C005,J0056,2025,0.9702660441398621,1,1
A02554,S1589,C009,J0069,2026,0.1760893315076828,0,0
A02555,S1145,C119,J0135,2025,0.9719488620758057,1,1
A02556,S0029,C130,J0207,2023,0.2164631336927414,0,0
A02557,S1626,C075,J0072,2023,0.9172917008399963,1,1
A02558,S0343,C002,J0211,2025,0.9770281314849854,1,1
A02559,S1295,C102,J0006,2026,0.9603408575057983,1,1
A02560,S1180,C104,J0148,2026,0.06551368534564972,0,0
A02561,S1644,C005,J0056,2023,0.212242990732193,0,0
A02562,S0501,C058,J0256,2024,0.8975894451141357,1,1
A02563,S0969,C113,J0193,2024,0.9328905940055847,1,1
A02564,S1011,C034,J0086,2024,0.9657154679298401,1,1
A02565,S1158,C082,J0122,2024,0.04459405317902565,0,0
A02566,S1376,C128,J0084,2025,0.935357928276062,1,1
A02567,S1489,C051,J0209,2026,0.44070157408714294,0,0
A02568,S1520,C028,J0034,2024,0.9615371823310852,1,1
A02569,S1466,C081,J0236,2026,0.8086122274398804,1,1
A02570,S1096,C018,J0205,2023,0.15110300481319427,0,0
A02571,S1432,C040,J0182,2025,0.9548396468162537,1,1
A02572,S1421,C111,J0125,2024,0.9731913805007935,1,1
A02573,S1137,C077,J0199,2026,0.9471909403800964,1,1
A02574,S1275,C069,J0152,2026,0.8315125703811646,1,0
A02575,S1570,C028,J0242,2023,0.10995856672525406,0,0
A02576,S1182,C056,J0049,2026,0.07639871537685394,0,0
A02577,S1634,C007,J0261,2023,0.8083989024162292,1,0
A02578,S0006,C122,J0171,2026,0.9767413139343262,1,1
A02579,S1393,C042,J0007,2026,0.3373543918132782,0,1
A02580,S1674,C103,J0145,2023,0.07494058459997177,0,0
A02581,S1434,C034,J0036,2026,0.06592089682817459,0,0
A02582,S1280,C059,J0177,2024,0.9563428163528442,1,1
A02583,S1028,C097,J0109,2025,0.9157293438911438,1,1
A02584,S1617,C113,J0193,2026,0.9625557661056519,1,1
A02585,S0259,C055,J0075,2026,0.9692419767379761,1,1
A02586,S1610,C070,J0013,2026,0.9459561109542847,1,1
A02587,S1147,C018,J0010,2026,0.4537760317325592,0,1
A02588,S1138,C093,J0083,2026,0.05932435393333435,0,0
A02589,S0008,C114,J0042,2024,0.9751276969909668,1,1
A02590,S0144,C064,J0191,2023,0.9663047194480896,1,1
A02591,S1598,C103,J0159,2025,0.9487878084182739,1,1
A02592,S0971,C089,J0001,2026,0.06865163147449493,0,0
A02593,S1065,C055,J0249,2023,0.18373355269432068,0,0
A02594,S0098,C130,J0053,2024,0.9768555164337158,1,1
A02595,S1573,C083,J0274,2025,0.9263411164283752,1,1
A02596,S0569,C122,J0223,2024,0.9749698042869568,1,1
A02597,S1270,C003,J0245,2025,0.7280184626579285,1,1
A02598,S0607,C111,J0195,2026,0.20110225677490234,0,0
A02599,S1520,C100,J0247,2025,0.9694542288780212,1,1
A02600,S0678,C074,J0005,2026,0.7807134985923767,1,1
A02601,S0095,C124,J0176,2025,0.707045316696167,1,1
A02602,S1174,C048,J0066,2025,0.036039579659700394,0,0
A02603,S0852,C048,J0066,2026,0.6339024901390076,1,1
A02604,S1655,C048,J0126,2026,0.9378178119659424,1,1
A02605,S1592,C015,J0129,2025,0.1552194356918335,0,0
A02606,S0428,C091,J0061,2026,0.0805826336145401,0,0
A02607,S1196,C013,J0185,2025,0.7981442809104919,1,0
A02608,S0684,C066,J0259,2025,0.11820294708013535,0,0
A02609,S1159,C082,J0122,2026,0.9696799516677856,1,1
A02610,S0590,C096,J0296,2023,0.10714347660541534,0,0
A02611,S0955,C121,J0283,2025,0.06885922700166702,0,0
A02612,S1368,C003,J0103,2026,0.6298949718475342,1,0
A02613,S0958,C068,J0065,2024,0.8191489577293396,1,0
A02614,S0203,C066,J0240,2025,0.3124295771121979,0,0
A02615,S0780,C041,J0194,2025,0.4012249708175659,0,0
A02616,S0894,C045,J0169,2025,0.9597797989845276,1,1
A02617,S1440,C081,J0108,2024,0.9733736515045166,1,1
A02618,S1117,C052,J0112,2026,0.17131401598453522,0,0
A02619,S0357,C049,J0297,2025,0.9119235873222351,1,1
A02620,S1304,C081,J0108,2025,0.339489221572876,0,0
A02621,S1034,C136,J0254,2024,0.10612241923809052,0,0
A02622,S1056,C123,J0019,2025,0.47185277938842773,0,0
A02623,S0563,C070,J0013,2026,0.4853753447532654,0,0
A02624,S0442,C111,J0125,2025,0.9585148096084595,1,1
A02625,S0695,C050,J0265,2024,0.12417925894260406,0,0
A02626,S0557,C030,J0269,2026,0.9551900625228882,1,1
A02627,S0874,C004,J0268,2024,0.9537208080291748,1,1
A02628,S0584,C069,J0188,2026,0.9711145758628845,1,1
A02629,S1063,C007,J0261,2025,0.9046075940132141,1,1
A02630,S0149,C048,J0066,2024,0.14572270214557648,0,0
A02631,S0726,C091,J0062,2026,0.09165087342262268,0,0
A02632,S1423,C074,J0094,2026,0.10089888423681259,0,0
A02633,S1681,C079,J0294,2024,0.3134301006793976,0,0
A02634,S0116,C059,J0226,2024,0.9409809708595276,1,1
A02635,S0497,C005,J0056,2023,0.07592618465423584,0,0
A02636,S1394,C129,J0230,2024,0.32952386140823364,0,1
A02637,S0128,C122,J0088,2025,0.1639433354139328,0,0
A02638,S0438,C113,J0048,2025,0.9705429077148438,1,1
A02639,S1333,C005,J0056,2026,0.823768675327301,1,0
A02640,S0874,C062,J0051,2025,0.9675977230072021,1,1
A02641,S1620,C085,J0255,2026,0.47775301337242126,0,0
A02642,S0930,C091,J0082,2024,0.7842402458190918,1,1
A02643,S1385,C140,J0033,2025,0.4467494785785675,0,0
A02644,S1593,C049,J0052,2024,0.9714865684509277,1,1
A02645,S0727,C027,J0213,2023,0.15174275636672974,0,0
A02646,S0397,C105,J0098,2026,0.9658920168876648,1,1
A02647,S1055,C030,J0269,2025,0.9740638732910156,1,1
A02648,S0040,C114,J0042,2023,0.2648244798183441,0,0
A02649,S0672,C048,J0202,2023,0.9505112767219543,1,1
A02650,S0636,C119,J0135,2024,0.9634578824043274,1,1
A02651,S0823,C136,J0029,2024,0.7303887009620667,1,1
A02652,S1227,C017,J0262,2025,0.09316916018724442,0,0
A02653,S0174,C110,J0220,2026,0.974354088306427,1,1
A02654,S0318,C085,J0255,2026,0.12001298367977142,0,0
A02655,S0817,C129,J0080,2026,0.9696857333183289,1,1
A02656,S1328,C001,J0040,2024,0.1706889122724533,0,1
A02657,S0749,C102,J0006,2025,0.08198854327201843,0,0
A02658,S1095,C084,J0115,2026,0.22801707684993744,0,0
A02659,S1608,C005,J0081,2026,0.8141778707504272,1,1
A02660,S0293,C137,J0300,2024,0.9274960160255432,1,1
A02661,S1231,C103,J0159,2026,0.8322153687477112,1,1
A02662,S0443,C093,J0083,2025,0.39236536622047424,0,0
A02663,S0616,C030,J0054,2024,0.7696569561958313,1,1
A02664,S0391,C137,J0147,2026,0.9619355201721191,1,1
A02665,S1337,C070,J0058,2025,0.97239750623703,1,1
A02666,S0677,C051,J0209,2026,0.9393242597579956,1,1
A02667,S0577,C073,J0293,2025,0.8750751614570618,1,0
A02668,S0425,C106,J0196,2026,0.21778739988803864,0,0
A02669,S0467,C110,J0250,2026,0.9667518138885498,1,1
A02670,S1690,C003,J0099,2023,0.05104617401957512,0,0
A02671,S0247,C115,J0201,2025,0.5339635610580444,1,1
A02672,S0098,C013,J0198,2026,0.9753860831260681,1,1
A02673,S0817,C068,J0181,2025,0.4073292911052704,0,0
A02674,S1538,C010,J0131,2026,0.8721829652786255,1,1
A02675,S0812,C112,J0272,2025,0.9634168148040771,1,1
A02676,S1434,C017,J0071,2023,0.05517362803220749,0,0
A02677,S1267,C136,J0237,2024,0.7771239280700684,1,0
A02678,S0136,C024,J0113,2025,0.9030358791351318,1,0
A02679,S1119,C081,J0093,2025,0.09653068333864212,0,1
A02680,S1009,C140,J0044,2025,0.05844518169760704,0,0
A02681,S0552,C025,J0197,2025,0.5512022972106934,1,0
A02682,S0180,C082,J0158,2026,0.06170663982629776,0,0
A02683,S0822,C018,J0144,2026,0.16831545531749725,0,1
A02684,S0217,C087,J0068,2023,0.09492077678442001,0,0
A02685,S1297,C137,J0147,2025,0.5870084762573242,1,1
A02686,S1115,C040,J0182,2023,0.9648153185844421,1,1
A02687,S0456,C028,J0024,2024,0.8095389604568481,1,1
A02688,S0270,C085,J0089,2024,0.08723529428243637,0,0
A02689,S0520,C137,J0087,2026,0.9710367918014526,1,1
A02690,S0817,C009,J0069,2024,0.7532232403755188,1,0
A02691,S1495,C131,J0173,2026,0.9686758518218994,1,1
A02692,S0507,C078,J0210,2024,0.07522159814834595,0,0
A02693,S1273,C040,J0038,2026,0.15656906366348267,0,0
A02694,S0747,C113,J0048,2025,0.2019038200378418,0,1
A02695,S1413,C007,J0233,2026,0.9144575595855713,1,1
A02696,S0378,C055,J0249,2026,0.9025651216506958,1,1
A02697,S0882,C125,J0142,2025,0.948320209980011,1,1
A02698,S1266,C068,J0276,2024,0.10316726565361023,0,0
A02699,S1160,C013,J0183,2024,0.9717796444892883,1,1
A02700,S0069,C058,J0256,2024,0.9659361839294434,1,1
A02701,S0788,C007,J0160,2025,0.10094720125198364,0,0
A02702,S0034,C122,J0280,2023,0.9022603631019592,1,1
A02703,S0766,C097,J0278,2024,0.23192109167575836,0,1
A02704,S1277,C111,J0195,2026,0.475067675113678,0,1
A02705,S0645,C028,J0076,2025,0.9168162941932678,1,0
A02706,S1098,C079,J0096,2023,0.25928524136543274,0,0
A02707,S0615,C043,J0221,2025,0.7922273874282837,1,0
A02708,S1617,C124,J0176,2025,0.931897759437561,1,1
A02709,S0205,C068,J0260,2024,0.9502601623535156,1,1
A02710,S1351,C110,J0220,2026,0.9541717767715454,1,1
A02711,S0718,C077,J0074,2023,0.5953559875488281,1,0
A02712,S0509,C045,J0169,2026,0.08087286353111267,0,0
A02713,S1190,C022,J0030,2026,0.2738901376724243,0,0
A02714,S1181,C122,J0171,2025,0.9675323367118835,1,1
A02715,S1038,C127,J0110,2023,0.9748714566230774,1,1
A02716,S0905,C129,J0252,2025,0.9700746536254883,1,1
A02717,S0315,C013,J0118,2023,0.2873615324497223,0,1
A02718,S0564,C130,J0225,2026,0.15054181218147278,0,0
A02719,S1373,C028,J0015,2026,0.9727555513381958,1,1
A02720,S0793,C136,J0237,2023,0.09644080698490143,0,0
A02721,S1639,C013,J0198,2026,0.9767507314682007,1,1
A02722,S0737,C108,J0234,2024,0.9240774512290955,1,1
A02723,S1484,C086,J0258,2026,0.8122787475585938,1,1
A02724,S1220,C089,J0266,2023,0.9654402732849121,1,1
A02725,S1120,C051,J0244,2026,0.8987131118774414,1,1
A02726,S0421,C061,J0043,2023,0.09717854857444763,0,0
A02727,S0681,C106,J0196,2023,0.8211976885795593,1,1
A02728,S0700,C005,J0081,2025,0.1420319527387619,0,0
A02729,S1264,C128,J0231,2025,0.9698128700256348,1,1
A02730,S0365,C121,J0224,2026,0.8751270174980164,1,1
A02731,S1356,C051,J0244,2026,0.9584916830062866,1,1
A02732,S0067,C092,J0031,2024,0.27911168336868286,0,1
A02733,S0770,C128,J0231,2024,0.9436226487159729,1,1
A02734,S0547,C120,J0137,2025,0.9708400964736938,1,1
A02735,S0837,C085,J0089,2026,0.959143877029419,1,1
A02736,S0788,C137,J0157,2025,0.2345091551542282,0,0
A02737,S0676,C137,J0157,2026,0.9662409424781799,1,1
A02738,S1647,C077,J0074,2025,0.10851086676120758,0,0
A02739,S0744,C122,J0119,2024,0.7645798325538635,1,1
A02740,S0626,C108,J0292,2024,0.9663445353507996,1,1
A02741,S0669,C028,J0015,2023,0.9753947257995605,1,1
A02742,S0433,C135,J0172,2024,0.9716031551361084,1,1
A02743,S1220,C005,J0081,2026,0.8555397987365723,1,1
A02744,S1345,C091,J0248,2026,0.9526167511940002,1,1
A02745,S1174,C069,J0188,2025,0.04755254089832306,0,0
A02746,S0143,C017,J0262,2025,0.8858194947242737,1,0
A02747,S0756,C069,J0152,2024,0.36207765340805054,0,0
A02748,S0943,C103,J0298,2025,0.938530683517456,1,1
A02749,S0739,C079,J0096,2024,0.842052161693573,1,1
A02750,S0295,C079,J0294,2023,0.07592526078224182,0,0
A02751,S0155,C137,J0300,2025,0.8612695932388306,1,1
A02752,S0384,C047,J0227,2025,0.12534436583518982,0,0
A02753,S0332,C102,J0179,2025,0.04326285421848297,0,0
A02754,S0066,C127,J0110,2024,0.10488089174032211,0,0
A02755,S1461,C013,J0118,2023,0.9607445001602173,1,1
A02756,S0933,C084,J0115,2024,0.946016788482666,1,1
A02757,S0116,C130,J0092,2026,0.2804390788078308,0,1
A02758,S1573,C039,J0100,2024,0.8493841886520386,1,1
A02759,S1151,C007,J0160,2023,0.7964194416999817,1,1
A02760,S1481,C058,J0057,2025,0.7404459714889526,1,1
A02761,S0734,C113,J0104,2024,0.9515165686607361,1,1
A02762,S1365,C113,J0193,2026,0.46825116872787476,0,0
A02763,S0858,C078,J0210,2025,0.16596199572086334,0,0
A02764,S1506,C058,J0229,2026,0.08034226298332214,0,0
A02765,S0741,C007,J0233,2026,0.922410249710083,1,1
A02766,S0350,C046,J0214,2023,0.28929394483566284,0,0
A02767,S0453,C045,J0243,2025,0.887066125869751,1,1
A02768,S1017,C079,J0096,2024,0.9691579937934875,1,1
A02769,S1461,C099,J0047,2024,0.9449989199638367,1,1
A02770,S0127,C140,J0121,2024,0.9694046974182129,1,1
A02771,S0602,C061,J0097,2024,0.13851028680801392,0,0
A02772,S1549,C045,J0021,2025,0.9583014845848083,1,1
A02773,S0083,C011,J0012,2025,0.33295994997024536,0,1
A02774,S0128,C108,J0163,2026,0.8534132838249207,1,0
A02775,S0343,C125,J0150,2025,0.9764219522476196,1,1
A02776,S0164,C127,J0110,2025,0.870502233505249,1,1
A02777,S1646,C130,J0207,2025,0.07400303333997726,0,0
A02778,S1532,C137,J0087,2023,0.9724119305610657,1,1
A02779,S0160,C123,J0019,2024,0.11928723007440567,0,0
A02780,S0362,C055,J0249,2026,0.576850950717926,1,1
A02781,S0749,C116,J0139,2025,0.09254810214042664,0,0
A02782,S0566,C109,J0217,2025,0.9054116606712341,1,0
A02783,S0482,C070,J0128,2023,0.9568207263946533,1,1
A02784,S1196,C011,J0253,2026,0.620193600654602,1,1
A02785,S0895,C028,J0034,2026,0.9250825643539429,1,1
A02786,S0935,C065,J0184,2025,0.9673049449920654,1,1
A02787,S0864,C127,J0110,2023,0.9130330681800842,1,1
A02788,S0266,C064,J0191,2025,0.28891152143478394,0,0
A02789,S1260,C093,J0083,2023,0.1556975096464157,0,1
A02790,S0387,C018,J0146,2025,0.9218613505363464,1,1
A02791,S0923,C013,J0198,2024,0.6206539273262024,1,1
A02792,S0341,C055,J0075,2023,0.8395260572433472,1,1
A02793,S1201,C099,J0047,2026,0.9686421751976013,1,1
A02794,S0750,C001,J0117,2024,0.472744345664978,0,0
A02795,S1083,C122,J0279,2025,0.8020675778388977,1,1
A02796,S1100,C111,J0195,2024,0.12581661343574524,0,0
A02797,S1117,C045,J0169,2024,0.4100250005722046,0,1
A02798,S0513,C086,J0258,2023,0.2892721891403198,0,0
A02799,S0699,C077,J0074,2023,0.05042701214551926,0,0
A02800,S0185,C063,J0203,2025,0.4456809163093567,0,1
A02801,S0596,C045,J0169,2025,0.9625652432441711,1,1
A02802,S1645,C065,J0184,2025,0.3749327063560486,0,0
A02803,S0938,C121,J0140,2026,0.2974666655063629,0,1
A02804,S1649,C072,J0105,2023,0.1658867597579956,0,0
A02805,S0135,C137,J0087,2025,0.6701583862304688,1,1
A02806,S0352,C123,J0019,2026,0.9699622392654419,1,1
A02807,S1127,C121,J0140,2025,0.9480988383293152,1,0
A02808,S0062,C075,J0165,2024,0.26379385590553284,0,0
A02809,S0154,C024,J0284,2025,0.14076747000217438,0,0
A02810,S0120,C061,J0043,2025,0.07024805247783661,0,0
A02811,S0185,C009,J0069,2023,0.6963536143302917,1,1
A02812,S0722,C085,J0089,2025,0.9711282849311829,1,1
A02813,S0519,C060,J0222,2024,0.8947792053222656,1,1
A02814,S1609,C019,J0107,2025,0.11389074474573135,0,0
A02815,S1527,C007,J0261,2023,0.8057755827903748,1,0
A02816,S1418,C114,J0042,2026,0.5760183930397034,1,1
A02817,S0781,C014,J0263,2025,0.7440958023071289,1,0
A02818,S0440,C121,J0140,2025,0.8838434815406799,1,0
A02819,S1252,C017,J0071,2025,0.5747101306915283,1,1
A02820,S0075,C068,J0260,2024,0.11654750257730484,0,0
A02821,S0346,C091,J0061,2024,0.962073028087616,1,1
A02822,S0080,C122,J0132,2023,0.958225429058075,1,1
A02823,S1418,C110,J0250,2026,0.9613736271858215,1,1
A02824,S0478,C028,J0076,2024,0.9431544542312622,1,1
A02825,S0205,C130,J0299,2024,0.9656497240066528,1,1
A02826,S0990,C007,J0233,2026,0.09424206614494324,0,0
A02827,S1110,C136,J0029,2026,0.36469942331314087,0,0
A02828,S0651,C056,J0049,2024,0.05528487265110016,0,0
A02829,S1324,C059,J0014,2023,0.907126247882843,1,1
A02830,S0535,C135,J0172,2023,0.9614717960357666,1,1
A02831,S1124,C110,J0220,2024,0.9695642590522766,1,1
A02832,S0320,C117,J0102,2024,0.1625487208366394,0,0
A02833,S1607,C081,J0236,2024,0.9591583609580994,1,1
A02834,S0559,C063,J0203,2024,0.056546058505773544,0,0
A02835,S0045,C036,J0055,2025,0.9609314799308777,1,1
A02836,S1040,C049,J0192,2026,0.947859525680542,1,1
A02837,S0261,C025,J0002,2024,0.1257506012916565,0,0
A02838,S0346,C087,J0206,2026,0.9437050223350525,1,1
A02839,S1065,C079,J0294,2023,0.0970882847905159,0,0
A02840,S0626,C068,J0065,2024,0.9707624912261963,1,1
A02841,S0084,C040,J0038,2025,0.14667128026485443,0,0
A02842,S0369,C017,J0071,2026,0.055304065346717834,0,0
A02843,S0415,C048,J0066,2026,0.11665304005146027,0,0
A02844,S0733,C125,J0154,2024,0.7774049043655396,1,1
A02845,S1462,C045,J0169,2025,0.9332175850868225,1,1
A02846,S1679,C077,J0199,2024,0.9728913903236389,1,1
A02847,S0566,C135,J0172,2023,0.9604012966156006,1,1
A02848,S0001,C034,J0036,2025,0.9759347438812256,1,1
A02849,S1629,C034,J0036,2026,0.5167542099952698,1,0
A02850,S0187,C081,J0108,2026,0.14705272018909454,0,1
A02851,S1569,C110,J0078,2026,0.9684070348739624,1,1
A02852,S1640,C010,J0295,2026,0.13796614110469818,0,1
A02853,S0102,C125,J0073,2023,0.9628494381904602,1,1
A02854,S0852,C027,J0213,2023,0.9484370350837708,1,1
A02855,S0684,C055,J0249,2023,0.05631512776017189,0,0
A02856,S0679,C025,J0002,2025,0.06234559044241905,0,0
A02857,S0569,C036,J0055,2024,0.9644031524658203,1,1
A02858,S1292,C104,J0148,2026,0.7324686050415039,1,1
A02859,S1464,C121,J0140,2024,0.9716023802757263,1,1
A02860,S1157,C050,J0265,2026,0.9755918383598328,1,1
A02861,S0580,C137,J0157,2025,0.966672956943512,1,1
A02862,S0510,C023,J0166,2025,0.10181379318237305,0,0
A02863,S0388,C089,J0001,2024,0.6189552545547485,1,1
A02864,S1337,C103,J0145,2024,0.9713550806045532,1,1
A02865,S0657,C116,J0139,2026,0.8683671355247498,1,0
A02866,S1194,C121,J0224,2023,0.967276394367218,1,1
A02867,S0776,C112,J0264,2023,0.9697917103767395,1,1
A02868,S1578,C110,J0250,2025,0.9175390601158142,1,0
A02869,S1670,C007,J0160,2025,0.15182343125343323,0,0
A02870,S1000,C123,J0019,2024,0.14377820491790771,0,0
A02871,S0611,C070,J0013,2026,0.9688342809677124,1,1
A02872,S0498,C002,J0211,2026,0.893734872341156,1,1
A02873,S0228,C062,J0051,2026,0.09121551364660263,0,0
A02874,S1444,C050,J0265,2024,0.17052610218524933,0,0
A02875,S0329,C130,J0225,2026,0.11834660172462463,0,0
A02876,S1333,C092,J0031,2023,0.9547321796417236,1,1
A02877,S0978,C087,J0068,2026,0.0614357627928257,0,0
A02878,S1663,C068,J0178,2023,0.11856424063444138,0,0
A02879,S1699,C031,J0020,2026,0.976459801197052,1,1
A02880,S1283,C097,J0109,2025,0.07231566309928894,0,0
A02881,S0178,C045,J0169,2024,0.07357414811849594,0,0
A02882,S0225,C116,J0127,2025,0.10313299298286438,0,1
A02883,S0295,C020,J0011,2024,0.06678488850593567,0,0
A02884,S1645,C037,J0143,2026,0.14737051725387573,0,0
A02885,S0173,C068,J0260,2026,0.11227163672447205,0,0
A02886,S1211,C093,J0083,2023,0.055850278586149216,0,0
A02887,S1117,C084,J0115,2023,0.5939940810203552,1,0
A02888,S0939,C049,J0095,2026,0.9758481383323669,1,1
A02889,S0654,C129,J0124,2023,0.9693249464035034,1,1
A02890,S0391,C125,J0150,2024,0.9631437063217163,1,1
A02891,S1188,C017,J0262,2025,0.9574259519577026,1,1
A02892,S0980,C032,J0138,2024,0.1584225296974182,0,0
A02893,S1381,C049,J0052,2026,0.8090555667877197,1,1
A02894,S0806,C081,J0108,2026,0.18757347762584686,0,0
A02895,S0714,C109,J0217,2024,0.9222434163093567,1,0
A02896,S1264,C097,J0278,2025,0.9509423971176147,1,1
A02897,S0689,C133,J0218,2026,0.9749472737312317,1,1
A02898,S0007,C056,J0164,2026,0.7532525062561035,1,1
A02899,S1670,C108,J0234,2023,0.13739162683486938,0,1
A02900,S1461,C133,J0218,2026,0.9658357501029968,1,1
A02901,S0909,C005,J0056,2025,0.07483206689357758,0,0
A02902,S1101,C050,J0277,2024,0.8485310673713684,1,1
A02903,S0252,C117,J0037,2026,0.9505882859230042,1,1
A02904,S0317,C070,J0013,2025,0.9597956538200378,1,1
A02905,S0672,C065,J0184,2026,0.960709810256958,1,1
A02906,S0891,C068,J0276,2026,0.06136976182460785,0,0
A02907,S1693,C020,J0204,2025,0.12211791425943375,0,0
A02908,S0546,C069,J0186,2026,0.9118614196777344,1,1
A02909,S0270,C085,J0130,2025,0.07034584134817123,0,0
A02910,S1441,C129,J0080,2026,0.9372408390045166,1,0
A02911,S0718,C112,J0264,2025,0.9561467170715332,1,1
A02912,S1238,C045,J0021,2025,0.09003451466560364,0,0
A02913,S0099,C093,J0083,2025,0.2431272566318512,0,0
A02914,S1018,C097,J0109,2026,0.9732637405395508,1,1
A02915,S0987,C118,J0228,2024,0.7722747921943665,1,0
A02916,S0344,C007,J0160,2025,0.41315197944641113,0,1
A02917,S0102,C079,J0096,2025,0.9656877517700195,1,1
A02918,S0735,C001,J0040,2024,0.26928573846817017,0,1
A02919,S0522,C022,J0238,2026,0.9749423861503601,1,1
A02920,S1381,C127,J0067,2026,0.08391093462705612,0,1
A02921,S1694,C028,J0034,2024,0.1726905256509781,0,0
A02922,S0169,C033,J0189,2023,0.10265983641147614,0,0
A02923,S1441,C130,J0299,2024,0.15915651619434357,0,0
A02924,S1369,C127,J0110,2023,0.9585559964179993,1,1
A02925,S1695,C130,J0053,2026,0.9195384383201599,1,0
A02926,S1671,C096,J0060,2026,0.9701631665229797,1,1
A02927,S0788,C093,J0083,2025,0.07679431140422821,0,0
A02928,S0488,C023,J0166,2023,0.13725778460502625,0,0
A02929,S1154,C103,J0159,2026,0.06134263426065445,0,0
A02930,S1574,C118,J0228,2026,0.4360540807247162,0,0
A02931,S0950,C058,J0229,2024,0.7030428647994995,1,1
A02932,S1489,C017,J0262,2026,0.7845315933227539,1,1
A02933,S0680,C110,J0250,2023,0.9640454649925232,1,1
A02934,S0991,C081,J0155,2026,0.9731709361076355,1,1
A02935,S1371,C078,J0210,2025,0.8971303105354309,1,1
A02936,S0847,C120,J0025,2025,0.9748602509498596,1,1
A02937,S0102,C001,J0040,2025,0.9661597013473511,1,1
A02938,S1621,C128,J0084,2026,0.07685644924640656,0,0
A02939,S1419,C013,J0183,2026,0.8858552575111389,1,1
A02940,S1602,C040,J0038,2026,0.945635199546814,1,1
A02941,S0965,C034,J0036,2024,0.9329445362091064,1,1
A02942,S0362,C028,J0242,2023,0.8829957246780396,1,1
A02943,S1394,C064,J0191,2024,0.0788835883140564,0,0
A02944,S0997,C108,J0085,2026,0.9334442615509033,1,1
A02945,S0047,C116,J0127,2026,0.07655995339155197,0,0
A02946,S1231,C018,J0205,2024,0.9045948386192322,1,1
A02947,S1255,C082,J0158,2025,0.9744083285331726,1,1
A02948,S1631,C068,J0181,2024,0.9507486820220947,1,1
A02949,S1636,C022,J0030,2025,0.9723870158195496,1,1
A02950,S1637,C118,J0228,2026,0.8845619559288025,1,1
A02951,S0400,C031,J0020,2023,0.13506785035133362,0,0
A02952,S0485,C100,J0247,2025,0.24338531494140625,0,0
A02953,S0058,C097,J0278,2026,0.08742307871580124,0,0
A02954,S1455,C034,J0086,2025,0.08288484066724777,0,0
A02955,S0171,C121,J0224,2025,0.9632362723350525,1,1
A02956,S1208,C074,J0005,2024,0.9299934506416321,1,1
A02957,S0442,C130,J0207,2024,0.9642831683158875,1,1
A02958,S1274,C121,J0283,2024,0.10628872364759445,0,0
A02959,S1395,C133,J0218,2026,0.302447646856308,0,0
A02960,S0096,C007,J0160,2026,0.19513291120529175,0,0
A02961,S1505,C088,J0123,2025,0.12327877432107925,0,1
A02962,S0094,C073,J0293,2024,0.9679943323135376,1,1
A02963,S0076,C083,J0274,2023,0.08127691596746445,0,0
A02964,S0290,C125,J0116,2025,0.9625921249389648,1,1
A02965,S0846,C127,J0067,2026,0.9744004011154175,1,1
A02966,S0543,C064,J0191,2023,0.12937496602535248,0,0
A02967,S0528,C130,J0207,2026,0.28260350227355957,0,0
A02968,S0078,C069,J0186,2026,0.9269714951515198,1,1
A02969,S0140,C087,J0246,2026,0.13098788261413574,0,0
A02970,S1621,C003,J0245,2025,0.06290380656719208,0,0
A02971,S0120,C103,J0159,2023,0.05891517177224159,0,0
A02972,S1297,C121,J0140,2025,0.5653913021087646,1,1
A02973,S1044,C059,J0014,2024,0.13079005479812622,0,0
A02974,S1040,C124,J0059,2024,0.9528314471244812,1,1
A02975,S0739,C048,J0066,2025,0.4900713562965393,0,0
A02976,S0562,C082,J0158,2026,0.12090419977903366,0,0
A02977,S1213,C002,J0271,2024,0.10955185443162918,0,0
A02978,S0883,C108,J0234,2026,0.2914588749408722,0,0
A02979,S1249,C028,J0076,2026,0.06040086969733238,0,0
A02980,S1489,C034,J0086,2023,0.8970170021057129,1,1
A02981,S0235,C128,J0111,2023,0.9660804867744446,1,1
A02982,S1385,C079,J0291,2025,0.433809369802475,0,0
A02983,S0938,C043,J0174,2024,0.11476627737283707,0,0
A02984,S1644,C043,J0174,2026,0.16641251742839813,0,1
A02985,S0264,C069,J0186,2023,0.13507817685604095,0,0
A02986,S0723,C068,J0181,2023,0.08480793237686157,0,1
A02987,S0556,C108,J0234,2025,0.8632354736328125,1,1
A02988,S1509,C025,J0170,2024,0.9630288481712341,1,1
A02989,S0343,C079,J0291,2025,0.9773651957511902,1,1
A02990,S0309,C009,J0069,2025,0.9686038494110107,1,1
A02991,S0581,C073,J0008,2024,0.09943566471338272,0,0
A02992,S1159,C078,J0232,2026,0.9589706063270569,1,0
A02993,S0684,C004,J0268,2025,0.09106441587209702,0,0
A02994,S0429,C086,J0267,2024,0.7723894715309143,1,1
A02995,S0262,C003,J0103,2024,0.9770035147666931,1,1
A02996,S0463,C039,J0106,2024,0.11043936014175415,0,0
A02997,S1383,C068,J0065,2025,0.0858847051858902,0,0
A02998,S0689,C129,J0124,2024,0.9688818454742432,1,1
A02999,S1002,C113,J0288,2025,0.9711022973060608,1,1
A03000,S0942,C089,J0001,2023,0.976923406124115,1,1
A03001,S1097,C006,J0114,2024,0.9663974046707153,1,1
A03002,S1435,C069,J0153,2024,0.16532255709171295,0,0
A03003,S1000,C125,J0150,2025,0.14760328829288483,0,0
A03004,S1293,C075,J0072,2026,0.9769622087478638,1,1
A03005,S0396,C116,J0127,2025,0.07078765332698822,0,0
A03006,S0618,C129,J0252,2026,0.7622504830360413,1,0
A03007,S0758,C085,J0216,2024,0.8986392617225647,1,0
A03008,S0397,C109,J0217,2024,0.9550400972366333,1,1
A03009,S0228,C042,J0007,2026,0.08101014047861099,0,0
A03010,S0712,C130,J0207,2026,0.10780802369117737,0,0
A03011,S0388,C073,J0008,2024,0.13369913399219513,0,1
A03012,S1178,C025,J0197,2026,0.4440256953239441,0,1
A03013,S1247,C121,J0224,2024,0.919505774974823,1,1
A03014,S0198,C117,J0149,2026,0.16675405204296112,0,0
A03015,S1005,C055,J0249,2023,0.08088917285203934,0,0
A03016,S0556,C059,J0014,2026,0.971895158290863,1,1
A03017,S1463,C113,J0288,2024,0.9400582313537598,1,1
A03018,S1381,C127,J0041,2024,0.3207133412361145,0,0
A03019,S0004,C034,J0086,2026,0.9763121604919434,1,1
A03020,S1066,C108,J0292,2025,0.1055610403418541,0,0
A03021,S0588,C110,J0078,2024,0.32783636450767517,0,0
A03022,S0712,C078,J0232,2024,0.06806211918592453,0,0
A03023,S0801,C115,J0201,2026,0.1000104695558548,0,0
A03024,S1538,C113,J0193,2024,0.9471866488456726,1,1
A03025,S1111,C140,J0133,2025,0.09545660763978958,0,0
A03026,S1245,C020,J0204,2025,0.22197574377059937,0,0
A03027,S0685,C089,J0266,2023,0.15370211005210876,0,0
A03028,S1222,C136,J0254,2024,0.28251489996910095,0,0
A03029,S1381,C130,J0053,2026,0.426846444606781,0,0
A03030,S0788,C091,J0082,2024,0.19395625591278076,0,0
A03031,S0075,C053,J0018,2026,0.16974277794361115,0,0
A03032,S1693,C033,J0189,2025,0.09059417992830276,0,1
A03033,S0898,C055,J0249,2023,0.04754834622144699,0,0
A03034,S0875,C103,J0145,2025,0.6576899886131287,1,1
A03035,S0568,C017,J0262,2023,0.10026982426643372,0,0
A03036,S0965,C062,J0051,2024,0.9530378580093384,1,1
A03037,S0021,C069,J0188,2024,0.17753100395202637,0,0
A03038,S1521,C078,J0026,2026,0.853232741355896,1,0
A03039,S1497,C111,J0235,2026,0.966932475566864,1,1
A03040,S1605,C081,J0236,2023,0.23331737518310547,0,0
A03041,S1086,C033,J0189,2025,0.06059182807803154,0,0
A03042,S1143,C028,J0015,2026,0.9709107875823975,1,1
A03043,S0784,C085,J0255,2025,0.05516611039638519,0,0
A03044,S0711,C058,J0057,2026,0.9684934616088867,1,1
A03045,S0549,C039,J0100,2023,0.23809108138084412,0,0
A03046,S1365,C053,J0018,2024,0.8815953135490417,1,1
A03047,S0621,C099,J0208,2026,0.11048099398612976,0,0
A03048,S1475,C021,J0290,2024,0.21308843791484833,0,0
A03049,S1110,C028,J0242,2025,0.10465405881404877,0,0
A03050,S0104,C108,J0234,2026,0.17948348820209503,0,0
A03051,S1124,C121,J0224,2024,0.9687041640281677,1,1
A03052,S0984,C136,J0237,2024,0.9426246285438538,1,1
A03053,S0918,C119,J0135,2026,0.8234908580780029,1,1
A03054,S0450,C014,J0219,2024,0.17290140688419342,0,0
A03055,S0022,C133,J0218,2025,0.9789547920227051,1,1
A03056,S0840,C137,J0300,2023,0.9784079790115356,1,1
A03057,S0840,C097,J0278,2023,0.9767168760299683,1,1
A03058,S0063,C051,J0244,2025,0.9717594981193542,1,1
A03059,S0097,C051,J0003,2025,0.07790341228246689,0,0
A03060,S0835,C031,J0020,2024,0.976847231388092,1,1
A03061,S1145,C074,J0239,2024,0.9704214334487915,1,1
A03062,S1351,C074,J0239,2023,0.9492323994636536,1,1
A03063,S1600,C125,J0150,2025,0.6709529161453247,1,1
A03064,S0036,C132,J0017,2025,0.07116976380348206,0,1
A03065,S1528,C102,J0006,2024,0.6237303614616394,1,0
A03066,S1312,C046,J0214,2025,0.9022893905639648,1,1
A03067,S1045,C061,J0043,2026,0.9706202745437622,1,1
A03068,S0267,C001,J0117,2025,0.49137261509895325,0,1
A03069,S1341,C018,J0146,2023,0.790691614151001,1,1
A03070,S1446,C056,J0164,2025,0.5035364627838135,1,1
A03071,S1120,C091,J0082,2025,0.8659555315971375,1,1
A03072,S0741,C045,J0021,2026,0.6480015516281128,1,1
A03073,S0342,C127,J0063,2024,0.14029255509376526,0,0
A03074,S0235,C130,J0225,2026,0.9511704444885254,1,1
A03075,S0020,C013,J0183,2025,0.9692699909210205,1,1
A03076,S1163,C116,J0127,2024,0.06999833136796951,0,0
A03077,S0993,C059,J0045,2026,0.4109446406364441,0,0
A03078,S1180,C001,J0117,2026,0.10293576121330261,0,0
A03079,S1044,C006,J0114,2025,0.06269343942403793,0,0
A03080,S1570,C024,J0284,2026,0.2562409043312073,0,0
A03081,S1323,C003,J0103,2024,0.9727082848548889,1,1
A03082,S1376,C032,J0138,2023,0.952527642250061,1,1
A03083,S1678,C104,J0148,2026,0.9485793709754944,1,1
A03084,S0375,C002,J0211,2026,0.9659514427185059,1,1
A03085,S0736,C091,J0062,2024,0.33396273851394653,0,1
A03086,S0656,C040,J0182,2026,0.1869654655456543,0,0
A03087,S0426,C053,J0018,2025,0.8875851631164551,1,1
A03088,S1184,C093,J0200,2025,0.8216502070426941,1,1
A03089,S0097,C019,J0107,2024,0.06313098967075348,0,0
A03090,S0957,C014,J0263,2023,0.07726385444402695,0,0
A03091,S1503,C091,J0061,2024,0.11325196921825409,0,0
A03092,S1042,C130,J0207,2023,0.09451566636562347,0,0
A03093,S0446,C028,J0076,2025,0.9662734270095825,1,1
A03094,S1097,C112,J0264,2023,0.9753240346908569,1,1
A03095,S0470,C110,J0220,2024,0.955328106880188,1,1
A03096,S0344,C030,J0054,2026,0.9277735948562622,1,1
A03097,S0050,C069,J0153,2026,0.9504308104515076,1,1
A03098,S1321,C049,J0095,2023,0.9470417499542236,1,1
A03099,S1293,C125,J0154,2026,0.9762275218963623,1,1
A03100,S0846,C053,J0018,2026,0.9763359427452087,1,1
A03101,S1442,C115,J0079,2026,0.17702728509902954,0,0
A03102,S0673,C069,J0153,2025,0.24346350133419037,0,1
A03103,S1002,C005,J0056,2025,0.961944580078125,1,1
A03104,S1003,C010,J0295,2023,0.07066328078508377,0,0
A03105,S0710,C140,J0133,2023,0.044261712580919266,0,0
A03106,S0964,C066,J0240,2025,0.9670493006706238,1,1
A03107,S0022,C032,J0138,2025,0.9751251935958862,1,1
A03108,S1031,C081,J0236,2024,0.2124125212430954,0,0
A03109,S1466,C130,J0092,2026,0.7930695414543152,1,0
A03110,S1222,C081,J0155,2025,0.6399405002593994,1,0
A03111,S1132,C078,J0026,2023,0.0945071205496788,0,0
A03112,S1396,C125,J0073,2026,0.05942504107952118,0,0
A03113,S0397,C086,J0267,2026,0.9381572604179382,1,1
A03114,S1681,C064,J0191,2025,0.9224860072135925,1,0
A03115,S0967,C097,J0064,2024,0.0976598784327507,0,0
A03116,S0982,C028,J0242,2026,0.4122869074344635,0,0
A03117,S0884,C140,J0133,2024,0.9392261505126953,1,1
A03118,S1000,C124,J0176,2026,0.10120951384305954,0,0
A03119,S0338,C063,J0162,2025,0.1848561316728592,0,0
A03120,S1503,C111,J0195,2025,0.10373388230800629,0,0
A03121,S0315,C056,J0164,2025,0.1817793995141983,0,1
A03122,S0940,C028,J0024,2023,0.3716317117214203,0,1
A03123,S0045,C039,J0100,2025,0.9683171510696411,1,1
A03124,S0036,C036,J0055,2026,0.059651438146829605,0,0
A03125,S0595,C013,J0118,2026,0.9703176021575928,1,1
A03126,S0845,C059,J0226,2025,0.5976803302764893,1,1
A03127,S0418,C027,J0213,2024,0.9551364183425903,1,1
A03128,S0195,C011,J0253,2026,0.1308588981628418,0,0
A03129,S1348,C127,J0067,2025,0.9076465368270874,1,1
A03130,S1696,C136,J0254,2025,0.2788976728916168,0,0
A03131,S0398,C026,J0136,2024,0.22648851573467255,0,1
A03132,S1695,C069,J0153,2023,0.7067095637321472,1,1
A03133,S1550,C049,J0297,2025,0.2611492872238159,0,1
A03134,S0531,C064,J0215,2026,0.8262914419174194,1,1
A03135,S1662,C025,J0002,2026,0.17757615447044373,0,0
A03136,S0510,C057,J0289,2024,0.06871724128723145,0,0
A03137,S1251,C071,J0270,2026,0.25088754296302795,0,0
A03138,S0644,C093,J0200,2025,0.37676987051963806,0,0
A03139,S1169,C054,J0039,2023,0.9707329273223877,1,1
A03140,S1406,C013,J0118,2023,0.9275805354118347,1,1
A03141,S0195,C005,J0056,2026,0.1126466915011406,0,0
A03142,S1490,C039,J0106,2026,0.9740474820137024,1,1
A03143,S0801,C125,J0154,2026,0.08680922538042068,0,0
A03144,S0019,C135,J0172,2025,0.7458398342132568,1,0
A03145,S0612,C128,J0111,2025,0.5128622651100159,1,1
A03146,S0234,C017,J0071,2025,0.9779431819915771,1,1
A03147,S0230,C110,J0250,2025,0.9692064523696899,1,1
A03148,S0993,C129,J0230,2024,0.20092308521270752,0,0
A03149,S0273,C128,J0111,2024,0.9063510298728943,1,1
A03150,S0460,C028,J0076,2025,0.15003076195716858,0,0
A03151,S1246,C113,J0190,2025,0.9716230630874634,1,1
A03152,S0105,C005,J0081,2025,0.18742957711219788,0,0
A03153,S0308,C062,J0051,2026,0.8951500058174133,1,1
A03154,S1339,C046,J0214,2024,0.9690849781036377,1,1
A03155,S1065,C070,J0128,2025,0.2818916141986847,0,0
A03156,S0728,C068,J0260,2026,0.6989294290542603,1,0
A03157,S0611,C078,J0026,2026,0.9719330072402954,1,1
A03158,S1579,C059,J0045,2026,0.1550341695547104,0,0
A03159,S1444,C108,J0234,2023,0.10612241923809052,0,0
A03160,S0227,C074,J0005,2026,0.13701751828193665,0,0
A03161,S1328,C045,J0243,2026,0.13772445917129517,0,0
A03162,S1502,C086,J0267,2026,0.83904629945755,1,0
A03163,S0389,C112,J0264,2026,0.9748438000679016,1,1
A03164,S0382,C058,J0229,2025,0.9339606761932373,1,1
A03165,S1006,C086,J0258,2025,0.20869572460651398,0,0
A03166,S0740,C052,J0175,2025,0.9617104530334473,1,1
A03167,S1365,C137,J0032,2025,0.22347195446491241,0,0
A03168,S1111,C081,J0155,2026,0.20079565048217773,0,0
A03169,S1211,C056,J0049,2024,0.06712912768125534,0,0
A03170,S1052,C061,J0043,2025,0.9754992723464966,1,1
A03171,S1476,C069,J0152,2025,0.5248104929924011,1,1
A03172,S1143,C087,J0246,2025,0.9580592513084412,1,1
A03173,S0319,C079,J0096,2026,0.9667296409606934,1,1
A03174,S0145,C018,J0010,2023,0.9100489020347595,1,1
A03175,S0370,C091,J0061,2026,0.10757686197757721,0,0
A03176,S0616,C060,J0222,2024,0.47474730014801025,0,0
A03177,S0674,C106,J0196,2026,0.9289575219154358,1,1
A03178,S0422,C040,J0038,2026,0.16703268885612488,0,0
A03179,S0442,C052,J0175,2026,0.9350676536560059,1,1
A03180,S0243,C128,J0111,2026,0.04056107997894287,0,0
A03181,S0390,C001,J0117,2024,0.7477347254753113,1,1
A03182,S1575,C077,J0074,2024,0.0834200456738472,0,0
A03183,S0750,C077,J0074,2025,0.3426153063774109,0,0
A03184,S0980,C132,J0017,2025,0.08803843706846237,0,0
A03185,S0725,C049,J0052,2023,0.9792313575744629,1,1
A03186,S0828,C097,J0278,2026,0.10007630288600922,0,0
A03187,S1544,C111,J0077,2025,0.9611172080039978,1,0
A03188,S1399,C059,J0014,2026,0.9744005799293518,1,1
A03189,S0205,C122,J0223,2026,0.9675906300544739,1,1
A03190,S0306,C061,J0043,2024,0.9712992906570435,1,1
A03191,S0534,C089,J0009,2026,0.9234293103218079,1,1
A03192,S1176,C062,J0051,2025,0.13560062646865845,0,1
A03193,S1569,C120,J0137,2023,0.9689680933952332,1,1
A03194,S1033,C055,J0249,2024,0.08257913589477539,0,0
A03195,S0340,C031,J0020,2023,0.9563660621643066,1,1
A03196,S0629,C101,J0070,2025,0.9242814183235168,1,1
A03197,S0580,C068,J0151,2023,0.9192419648170471,1,1
A03198,S0194,C018,J0146,2026,0.9520435333251953,1,0
A03199,S1271,C128,J0231,2026,0.9733943343162537,1,1
A03200,S0284,C117,J0149,2025,0.45196300745010376,0,0
A03201,S0238,C125,J0150,2024,0.041852887719869614,0,0
A03202,S1323,C005,J0081,2025,0.959227442741394,1,1
A03203,S1503,C127,J0041,2024,0.1291913241147995,0,0
A03204,S1565,C048,J0212,2026,0.16134683787822723,0,1
A03205,S0533,C099,J0208,2026,0.253915399312973,0,0
A03206,S1652,C120,J0025,2024,0.09465353190898895,0,0
A03207,S0987,C042,J0007,2023,0.6403954029083252,1,0
A03208,S1102,C103,J0298,2024,0.17253883183002472,0,0
A03209,S0161,C028,J0242,2025,0.6876647472381592,1,0
A03210,S1452,C111,J0235,2025,0.7116154432296753,1,0
A03211,S1425,C056,J0164,2026,0.2239856868982315,0,1
A03212,S1438,C111,J0125,2024,0.9063379168510437,1,1
A03213,S0823,C074,J0094,2026,0.1060849279165268,0,0
A03214,S0625,C031,J0020,2024,0.9407832026481628,1,1
A03215,S0719,C052,J0112,2023,0.8540923595428467,1,0
A03216,S0797,C104,J0148,2026,0.43045827746391296,0,1
A03217,S0635,C025,J0197,2025,0.9712735414505005,1,1
A03218,S0738,C113,J0193,2026,0.05844828486442566,0,0
A03219,S0447,C057,J0016,2023,0.09726697951555252,0,0
A03220,S0933,C122,J0088,2023,0.7050380706787109,1,1
A03221,S0268,C085,J0130,2025,0.6271750330924988,1,0
A03222,S1564,C073,J0008,2025,0.11372153460979462,0,1
A03223,S1365,C003,J0099,2025,0.2339426726102829,0,0
A03224,S0972,C122,J0279,2025,0.050600599497556686,0,0
A03225,S0136,C106,J0196,2026,0.6274203062057495,1,1
A03226,S0967,C005,J0004,2023,0.09592431038618088,0,0
A03227,S1554,C013,J0198,2026,0.968391478061676,1,1
A03228,S1571,C055,J0249,2026,0.26281288266181946,0,1
A03229,S0852,C007,J0160,2025,0.9312177896499634,1,1
A03230,S0329,C068,J0151,2026,0.09100443869829178,0,0
A03231,S1627,C137,J0032,2023,0.7838859558105469,1,0
A03232,S1283,C110,J0220,2025,0.09517860412597656,0,0
A03233,S1048,C017,J0262,2025,0.16549018025398254,0,0
A03234,S1005,C125,J0073,2025,0.12065079063177109,0,0
A03235,S0886,C016,J0257,2025,0.46516919136047363,0,0
A03236,S1668,C135,J0172,2026,0.9685981273651123,1,1
A03237,S0956,C052,J0101,2026,0.9670853018760681,1,1
A03238,S0154,C109,J0156,2024,0.11602175980806351,0,0
A03239,S1247,C051,J0141,2024,0.9631473422050476,1,1
A03240,S0876,C018,J0168,2024,0.8438586592674255,1,1
A03241,S0151,C054,J0039,2025,0.0765012800693512,0,0
A03242,S1490,C136,J0254,2025,0.9551479816436768,1,1
A03243,S1269,C056,J0049,2024,0.8979434370994568,1,1
A03244,S0873,C117,J0102,2026,0.9250604510307312,1,1
A03245,S1450,C103,J0298,2024,0.9724993109703064,1,1
A03246,S0410,C110,J0250,2023,0.8636882305145264,1,1
A03247,S0329,C097,J0064,2026,0.10669802129268646,0,0
A03248,S1401,C014,J0219,2024,0.09664803743362427,0,0
A03249,S1054,C015,J0129,2026,0.9581766724586487,1,1
A03250,S1312,C046,J0028,2026,0.9225364327430725,1,1
A03251,S0035,C056,J0049,2023,0.24384206533432007,0,0
A03252,S0102,C137,J0032,2025,0.9343121647834778,1,1
A03253,S0355,C125,J0073,2026,0.0763346254825592,0,0
A03254,S1257,C077,J0199,2026,0.9757432341575623,1,1
A03255,S1574,C051,J0244,2023,0.21586763858795166,0,0
A03256,S1369,C093,J0161,2023,0.9155121445655823,1,1
A03257,S0656,C069,J0188,2025,0.2072630226612091,0,0
A03258,S0143,C125,J0116,2026,0.8296083211898804,1,1
A03259,S0928,C011,J0012,2024,0.9598143100738525,1,1
A03260,S1268,C014,J0263,2024,0.08217563480138779,0,0
A03261,S1513,C043,J0174,2023,0.2803633511066437,0,1
A03262,S1246,C063,J0203,2026,0.96868896484375,1,1
A03263,S0152,C051,J0141,2026,0.971315860748291,1,1
A03264,S0738,C011,J0012,2024,0.04277157410979271,0,0
A03265,S0380,C025,J0170,2025,0.9554534554481506,1,1
A03266,S0243,C043,J0221,2025,0.03944389522075653,0,0
A03267,S0714,C048,J0066,2025,0.5132690072059631,1,1
A03268,S1401,C109,J0217,2024,0.14677612483501434,0,0
A03269,S1158,C065,J0184,2026,0.05704452469944954,0,0
A03270,S0828,C013,J0183,2026,0.26785966753959656,0,0
A03271,S1234,C089,J0009,2024,0.9775906801223755,1,1
A03272,S1158,C110,J0250,2025,0.08016682416200638,0,0
A03273,S0105,C001,J0117,2025,0.16941791772842407,0,0
A03274,S0221,C085,J0089,2024,0.8044072985649109,1,1
A03275,S0237,C102,J0023,2023,0.9438144564628601,1,1
A03276,S0541,C010,J0295,2024,0.11533305794000626,0,0
A03277,S0954,C127,J0041,2023,0.9511075615882874,1,1
A03278,S1674,C084,J0115,2025,0.22643277049064636,0,0
A03279,S0929,C125,J0116,2024,0.7547236680984497,1,1
A03280,S1214,C039,J0100,2024,0.1885240226984024,0,0
A03281,S0128,C119,J0251,2026,0.2922193109989166,0,0
A03282,S1479,C057,J0289,2026,0.9315392971038818,1,1
A03283,S1588,C016,J0257,2025,0.9530883431434631,1,1
A03284,S1290,C069,J0152,2026,0.3001953661441803,0,1
A03285,S1360,C096,J0296,2023,0.22329780459403992,0,0
A03286,S0030,C088,J0123,2024,0.1558712124824524,0,0
A03287,S0627,C120,J0137,2026,0.9223653078079224,1,1
A03288,S1660,C109,J0217,2024,0.7859117388725281,1,1
A03289,S1577,C108,J0085,2023,0.07090369611978531,0,0
A03290,S0298,C048,J0126,2023,0.1087709590792656,0,0
A03291,S1650,C083,J0274,2026,0.07007679343223572,0,0
A03292,S1483,C136,J0029,2023,0.889919102191925,1,1
A03293,S1377,C079,J0022,2025,0.10208174586296082,0,0
A03294,S0823,C040,J0182,2024,0.1525036245584488,0,0
A03295,S0270,C087,J0246,2024,0.06211704760789871,0,0
A03296,S0836,C064,J0215,2026,0.9739486575126648,1,1
A03297,S1175,C013,J0183,2026,0.4836198091506958,0,1
A03298,S0622,C081,J0155,2025,0.06366078555583954,0,0
A03299,S1281,C136,J0254,2026,0.1520957052707672,0,0
A03300,S1334,C079,J0294,2023,0.1919480860233307,0,0
A03301,S0041,C079,J0294,2023,0.09375851601362228,0,0
A03302,S1447,C113,J0190,2025,0.9485566020011902,1,1
A03303,S0794,C068,J0065,2024,0.6266586184501648,1,0
A03304,S0814,C133,J0218,2024,0.9706928133964539,1,1
A03305,S0995,C069,J0188,2026,0.9708091020584106,1,1
A03306,S1623,C051,J0209,2026,0.8974431157112122,1,0
A03307,S1270,C050,J0265,2024,0.8374402523040771,1,1
A03308,S0692,C108,J0085,2026,0.5211983919143677,1,1
A03309,S0305,C078,J0210,2026,0.9364795088768005,1,1
A03310,S0756,C040,J0038,2025,0.5158355832099915,1,1
A03311,S0371,C116,J0139,2026,0.9646820425987244,1,1
A03312,S0075,C086,J0258,2026,0.1248164176940918,0,0
A03313,S1574,C005,J0004,2024,0.2677728235721588,0,0
A03314,S1342,C140,J0033,2026,0.07196428626775742,0,0
A03315,S1112,C117,J0037,2026,0.2673068642616272,0,1
A03316,S0821,C084,J0115,2026,0.9753908514976501,1,1
A03317,S1591,C122,J0280,2026,0.43081626296043396,0,1
A03318,S0491,C111,J0195,2024,0.21746964752674103,0,0
A03319,S0808,C052,J0175,2023,0.9065833687782288,1,1
A03320,S0782,C087,J0246,2026,0.23483781516551971,0,1
A03321,S1270,C116,J0046,2024,0.2774653732776642,0,0
A03322,S1305,C018,J0205,2024,0.8658475279808044,1,1
A03323,S0899,C023,J0166,2024,0.962972104549408,1,1
A03324,S1092,C130,J0207,2024,0.9720779657363892,1,1
A03325,S0342,C105,J0098,2026,0.30586209893226624,0,0
A03326,S1546,C077,J0199,2023,0.9592759013175964,1,1
A03327,S0518,C104,J0148,2025,0.14748111367225647,0,0
A03328,S0229,C069,J0153,2025,0.9662205576896667,1,1
A03329,S0119,C116,J0046,2025,0.08285754919052124,0,0
A03330,S1115,C102,J0006,2024,0.9685854911804199,1,1
A03331,S1419,C110,J0027,2023,0.6706879734992981,1,0
A03332,S0091,C073,J0008,2026,0.9711082577705383,1,1
A03333,S1507,C108,J0292,2025,0.9539544582366943,1,0
A03334,S1154,C130,J0053,2026,0.08196252584457397,0,0
A03335,S0786,C032,J0050,2025,0.1038484126329422,0,0
A03336,S1341,C005,J0004,2023,0.8731695413589478,1,1
A03337,S0201,C048,J0212,2024,0.9695308804512024,1,1
A03338,S0911,C006,J0114,2023,0.08314184099435806,0,0
A03339,S0625,C027,J0213,2024,0.9368992447853088,1,1
A03340,S1645,C013,J0183,2026,0.675240159034729,1,0
A03341,S0999,C116,J0127,2024,0.7641595602035522,1,0
A03342,S1657,C032,J0138,2025,0.9702037572860718,1,1
A03343,S1094,C122,J0279,2025,0.9728785157203674,1,1
A03344,S1002,C108,J0292,2023,0.9713729619979858,1,1
A03345,S1250,C140,J0033,2024,0.6214591860771179,1,1
A03346,S0209,C125,J0073,2024,0.9473599195480347,1,1
A03347,S0069,C007,J0160,2026,0.9532866477966309,1,1
A03348,S1271,C054,J0039,2026,0.9734740853309631,1,1
A03349,S0804,C001,J0180,2026,0.12728646397590637,0,0
A03350,S0968,C055,J0249,2026,0.12560847401618958,0,0
A03351,S1142,C087,J0068,2025,0.09952697157859802,0,0
A03352,S0997,C054,J0039,2024,0.7409071922302246,1,0
A03353,S0737,C085,J0130,2024,0.7182298302650452,1,1
A03354,S1164,C102,J0006,2024,0.9753084182739258,1,1
A03355,S0938,C125,J0150,2025,0.19516898691654205,0,0
A03356,S0117,C014,J0219,2024,0.25215771794319153,0,0
A03357,S0050,C127,J0041,2026,0.9569430947303772,1,1
A03358,S1279,C061,J0097,2024,0.9715979695320129,1,1
A03359,S0236,C042,J0007,2026,0.1371219903230667,0,0
A03360,S0659,C111,J0195,2026,0.22144503891468048,0,1
A03361,S1432,C128,J0084,2025,0.9607243537902832,1,1
A03362,S0616,C005,J0004,2026,0.629066526889801,1,0
A03363,S0919,C036,J0275,2025,0.9486997127532959,1,1
A03364,S0867,C024,J0284,2025,0.5829969644546509,1,1
A03365,S0975,C042,J0007,2026,0.9722034335136414,1,1
A03366,S0008,C108,J0085,2025,0.9785104990005493,1,1
A03367,S1452,C125,J0142,2026,0.40906721353530884,0,0
A03368,S1264,C045,J0169,2024,0.9691699743270874,1,1
A03369,S1510,C087,J0206,2026,0.06083737686276436,0,0
A03370,S0341,C120,J0137,2025,0.8911218643188477,1,1
A03371,S1145,C115,J0201,2023,0.9753893613815308,1,1
A03372,S0878,C013,J0185,2024,0.7679526805877686,1,0
A03373,S0327,C112,J0264,2026,0.9556667804718018,1,1
A03374,S0731,C005,J0004,2023,0.49914899468421936,0,0
A03375,S0354,C137,J0032,2024,0.07589718699455261,0,0
A03376,S1673,C007,J0261,2023,0.054191507399082184,0,0
A03377,S0788,C078,J0026,2025,0.21451835334300995,0,0
A03378,S0837,C103,J0145,2024,0.8895692825317383,1,1
A03379,S0257,C035,J0134,2026,0.9366734623908997,1,0
A03380,S0178,C099,J0208,2025,0.10979284346103668,0,0
A03381,S0273,C003,J0099,2023,0.9121444225311279,1,1
A03382,S0949,C131,J0173,2025,0.95518559217453,1,1
A03383,S0812,C032,J0138,2026,0.9720602631568909,1,1
A03384,S0891,C117,J0149,2024,0.06089118868112564,0,0
A03385,S1632,C004,J0268,2026,0.1931179314851761,0,0
A03386,S0907,C018,J0205,2023,0.9580250382423401,1,1
A03387,S1569,C102,J0023,2025,0.9708244800567627,1,1
A03388,S0940,C014,J0263,2024,0.6905507445335388,1,0
A03389,S1697,C132,J0017,2026,0.28632602095603943,0,0
A03390,S0471,C053,J0018,2026,0.16550657153129578,0,0
A03391,S1609,C140,J0121,2024,0.1304272711277008,0,0
A03392,S1212,C125,J0142,2026,0.07573043555021286,0,0
A03393,S1539,C108,J0163,2025,0.9646773934364319,1,1
A03394,S0463,C093,J0161,2026,0.08549275994300842,0,0
A03395,S0983,C007,J0167,2025,0.9457389712333679,1,1
A03396,S0884,C055,J0090,2026,0.966323733329773,1,1
A03397,S1580,C137,J0147,2026,0.8591694831848145,1,1
A03398,S0325,C030,J0269,2026,0.5023670792579651,1,0
A03399,S1319,C024,J0284,2023,0.4930819571018219,0,0
A03400,S1004,C084,J0115,2024,0.20850829780101776,0,1
A03401,S1036,C007,J0160,2024,0.4865381717681885,0,1
A03402,S0133,C093,J0200,2024,0.9295536279678345,1,1
A03403,S0063,C130,J0053,2026,0.9761501550674438,1,1
A03404,S0108,C103,J0145,2025,0.4985268712043762,0,0
A03405,S0189,C085,J0130,2024,0.21401269733905792,0,0
A03406,S0181,C093,J0161,2023,0.4032960534095764,0,0
A03407,S1255,C007,J0233,2025,0.9756552577018738,1,1
A03408,S0258,C005,J0004,2023,0.90104740858078,1,1
A03409,S0793,C083,J0274,2025,0.10168501734733582,0,0
A03410,S1308,C009,J0069,2026,0.9639405608177185,1,1
A03411,S1463,C070,J0013,2025,0.959147036075592,1,1
A03412,S1080,C011,J0012,2024,0.15873517096042633,0,0
A03413,S0144,C028,J0242,2024,0.9006591439247131,1,1
A03414,S0399,C121,J0283,2023,0.9738814830780029,1,1
A03415,S0007,C135,J0172,2026,0.8800715804100037,1,0
A03416,S1087,C130,J0207,2025,0.9502663016319275,1,1
A03417,S0525,C103,J0145,2023,0.6810629367828369,1,1
A03418,S1227,C049,J0192,2025,0.09272763133049011,0,0
A03419,S0362,C086,J0267,2025,0.7475590109825134,1,0
A03420,S0253,C032,J0050,2023,0.09608210623264313,0,0
A03421,S0537,C052,J0101,2025,0.9146209359169006,1,1
A03422,S1016,C113,J0104,2025,0.9670466184616089,1,1
A03423,S0763,C089,J0266,2025,0.929760217666626,1,0
A03424,S0112,C010,J0131,2024,0.14132748544216156,0,0
A03425,S0523,C086,J0258,2023,0.9614224433898926,1,1
A03426,S0544,C034,J0286,2024,0.9635427594184875,1,1
A03427,S1285,C058,J0256,2024,0.859637439250946,1,0
A03428,S0181,C069,J0186,2024,0.9289349913597107,1,1
A03429,S0823,C125,J0073,2025,0.14348168671131134,0,0
A03430,S0085,C074,J0239,2025,0.09697919338941574,0,0
A03431,S0532,C075,J0072,2024,0.965858519077301,1,1
A03432,S0411,C105,J0098,2026,0.9310829639434814,1,0
A03433,S0827,C022,J0030,2025,0.9658718705177307,1,1
A03434,S1105,C117,J0037,2024,0.2689189314842224,0,1
A03435,S0054,C057,J0289,2025,0.9751421809196472,1,1
A03436,S1272,C129,J0080,2025,0.9666683673858643,1,1
A03437,S1642,C003,J0245,2023,0.8437992930412292,1,1
A03438,S0753,C096,J0296,2025,0.9430845379829407,1,1
A03439,S0214,C114,J0042,2025,0.15603013336658478,0,0
A03440,S1442,C048,J0202,2025,0.10112167149782181,0,0
A03441,S0977,C081,J0108,2025,0.04573895409703255,0,0
A03442,S1400,C078,J0026,2025,0.630448579788208,1,1
A03443,S0487,C086,J0267,2025,0.09319045394659042,0,0
A03444,S1205,C037,J0143,2024,0.15454937517642975,0,0
A03445,S1125,C129,J0124,2025,0.8982252478599548,1,1
A03446,S0450,C066,J0240,2026,0.8768472075462341,1,0
A03447,S0106,C079,J0291,2023,0.8120874166488647,1,1
A03448,S1255,C032,J0138,2025,0.9728224277496338,1,1
A03449,S1025,C093,J0200,2023,0.057098280638456345,0,0
A03450,S1477,C137,J0032,2025,0.400391161441803,0,0
A03451,S1605,C018,J0168,2026,0.29663458466529846,0,0
A03452,S0345,C001,J0180,2024,0.7151216268539429,1,1
A03453,S1698,C048,J0126,2026,0.05807167664170265,0,0
A03454,S0674,C079,J0096,2024,0.9634297490119934,1,1
A03455,S0580,C118,J0228,2024,0.9557162523269653,1,1
A03456,S0867,C040,J0038,2023,0.1522243469953537,0,0
A03457,S1119,C081,J0108,2023,0.0644417405128479,0,0
A03458,S1156,C057,J0289,2024,0.06328444927930832,0,0
A03459,S0083,C124,J0241,2024,0.4576621651649475,0,0
A03460,S0835,C083,J0274,2025,0.9747765064239502,1,1
A03461,S0286,C083,J0274,2026,0.43128132820129395,0,1
A03462,S1585,C081,J0108,2024,0.2054346352815628,0,0
A03463,S0666,C086,J0267,2026,0.13001716136932373,0,0
A03464,S1110,C025,J0002,2025,0.11562983691692352,0,0
A03465,S0797,C122,J0132,2026,0.1422330141067505,0,0
A03466,S0538,C005,J0004,2025,0.08235873281955719,0,0
A03467,S0643,C047,J0227,2025,0.24919892847537994,0,0
A03468,S0413,C078,J0026,2023,0.04748581722378731,0,0
A03469,S0208,C037,J0143,2026,0.3474511206150055,0,0
A03470,S0129,C110,J0078,2025,0.11433622241020203,0,0
A03471,S0324,C018,J0144,2024,0.942107617855072,1,0
A03472,S0519,C010,J0131,2025,0.8734307289123535,1,1
A03473,S0826,C109,J0217,2025,0.10799160599708557,0,0
A03474,S1573,C075,J0072,2026,0.9645293354988098,1,1
A03475,S1610,C081,J0093,2026,0.9242246150970459,1,1
A03476,S1540,C007,J0261,2023,0.05882078409194946,0,0
A03477,S1302,C069,J0153,2026,0.1550413817167282,0,0
A03478,S0990,C046,J0028,2025,0.13957926630973816,0,0
A03479,S1218,C125,J0073,2026,0.07604145258665085,0,0
A03480,S1578,C068,J0260,2024,0.663289487361908,1,1
A03481,S1523,C128,J0231,2024,0.9736927151679993,1,1
A03482,S1600,C121,J0140,2026,0.8948919773101807,1,1
A03483,S0948,C032,J0138,2025,0.2605612576007843,0,0
A03484,S0899,C069,J0152,2025,0.9583713412284851,1,1
A03485,S0531,C018,J0010,2024,0.5952964425086975,1,0
A03486,S1103,C085,J0089,2024,0.9502708315849304,1,1
A03487,S1266,C051,J0141,2024,0.1102602630853653,0,0
A03488,S0709,C097,J0109,2023,0.7345206141471863,1,1
A03489,S0052,C048,J0212,2024,0.9116215109825134,1,1
A03490,S1285,C125,J0150,2025,0.7803410291671753,1,1
A03491,S1700,C083,J0274,2023,0.8667303323745728,1,1
A03492,S1278,C004,J0268,2025,0.9674158692359924,1,1
A03493,S0394,C120,J0137,2025,0.11592403054237366,0,0
A03494,S0582,C103,J0159,2023,0.4622238278388977,0,0
A03495,S1417,C049,J0052,2026,0.9497926831245422,1,1
A03496,S0047,C069,J0152,2026,0.09416944533586502,0,0
A03497,S0688,C110,J0220,2026,0.8865824937820435,1,1
A03498,S1439,C115,J0079,2024,0.9606465697288513,1,1
A03499,S1288,C013,J0198,2024,0.812170684337616,1,1
A03500,S0769,C050,J0265,2026,0.1997138112783432,0,0
A03501,S0749,C136,J0237,2025,0.08418132364749908,0,1
A03502,S0772,C001,J0040,2025,0.1349087655544281,0,0
A03503,S0642,C129,J0230,2024,0.9715843796730042,1,1
A03504,S0912,C070,J0058,2025,0.9427525997161865,1,1
A03505,S0279,C073,J0293,2026,0.21037818491458893,0,0
A03506,S1180,C062,J0051,2026,0.1456465870141983,0,0
A03507,S1689,C018,J0205,2025,0.9623751044273376,1,1
A03508,S0787,C125,J0154,2024,0.9745160937309265,1,1
A03509,S1538,C089,J0009,2025,0.9603287577629089,1,1
A03510,S1370,C069,J0152,2026,0.877935528755188,1,1
A03511,S0536,C122,J0279,2026,0.9141890406608582,1,1
A03512,S0182,C059,J0177,2025,0.9759688973426819,1,1
A03513,S1394,C121,J0283,2024,0.11686290055513382,0,0
A03514,S1361,C091,J0082,2023,0.6061630249023438,1,0
A03515,S1331,C122,J0132,2024,0.12330930680036545,0,0
A03516,S1637,C106,J0196,2025,0.8198835253715515,1,0
A03517,S0385,C127,J0067,2026,0.6817129850387573,1,1
A03518,S1061,C048,J0126,2024,0.04807817190885544,0,0
A03519,S0476,C077,J0199,2026,0.6409575343132019,1,0
A03520,S1499,C055,J0090,2025,0.6420126557350159,1,1
A03521,S0360,C063,J0203,2024,0.5513774752616882,1,0
A03522,S0052,C097,J0278,2025,0.8898953199386597,1,0
A03523,S0311,C015,J0129,2026,0.9697736501693726,1,1
A03524,S1466,C138,J0282,2023,0.42105668783187866,0,1
A03525,S1568,C049,J0095,2023,0.9623168110847473,1,1
A03526,S1551,C051,J0141,2025,0.11013142764568329,0,1
A03527,S1536,C117,J0037,2024,0.874345600605011,1,1
A03528,S1170,C110,J0027,2025,0.93333899974823,1,1
A03529,S0315,C130,J0225,2026,0.13766326010227203,0,0
A03530,S0836,C040,J0038,2023,0.9624671936035156,1,1
A03531,S0280,C028,J0242,2025,0.2790429890155792,0,1
A03532,S0300,C136,J0237,2024,0.748269259929657,1,0
A03533,S0018,C092,J0031,2026,0.8072298765182495,1,1
A03534,S0942,C121,J0283,2024,0.9422028064727783,1,0
A03535,S1593,C069,J0152,2025,0.8538309335708618,1,1
A03536,S0450,C074,J0005,2025,0.1776970773935318,0,0
A03537,S1568,C057,J0016,2024,0.9409515261650085,1,1
A03538,S0181,C068,J0178,2026,0.8926562666893005,1,1
A03539,S0016,C081,J0108,2026,0.08017341792583466,0,0
A03540,S0921,C018,J0168,2024,0.9507482647895813,1,1
A03541,S1162,C083,J0274,2024,0.8714194893836975,1,1
A03542,S0322,C078,J0026,2024,0.9299361705780029,1,1
A03543,S0900,C003,J0099,2024,0.9036566019058228,1,1
A03544,S0082,C081,J0108,2025,0.1198180690407753,0,0
A03545,S0710,C069,J0186,2024,0.05813320353627205,0,0
A03546,S1025,C013,J0198,2025,0.06631661206483841,0,0
A03547,S0737,C117,J0149,2024,0.8220539093017578,1,1
A03548,S1652,C013,J0185,2026,0.08619736135005951,0,0
A03549,S0823,C013,J0185,2025,0.1850501149892807,0,0
A03550,S0178,C048,J0202,2024,0.08710935711860657,0,0
A03551,S1647,C104,J0148,2026,0.08834218233823776,0,0
A03552,S1108,C063,J0162,2026,0.9552890658378601,1,1
A03553,S0158,C050,J0265,2026,0.9784155488014221,1,1
A03554,S1162,C093,J0083,2026,0.877160906791687,1,1
A03555,S1169,C117,J0037,2026,0.9695567488670349,1,1
A03556,S1201,C138,J0282,2024,0.9696113467216492,1,1
A03557,S1274,C074,J0239,2023,0.16663450002670288,0,0
A03558,S1555,C027,J0213,2026,0.9628594517707825,1,1
A03559,S0415,C003,J0245,2026,0.39556434750556946,0,0
A03560,S0902,C051,J0141,2026,0.960328221321106,1,1
A03561,S0555,C096,J0296,2024,0.11583664268255234,0,0
A03562,S0455,C091,J0248,2024,0.9621343612670898,1,1
A03563,S0620,C061,J0097,2025,0.7597455978393555,1,1
A03564,S0998,C125,J0150,2023,0.39602357149124146,0,0
A03565,S1123,C059,J0045,2026,0.09856147319078445,0,0
A03566,S1035,C040,J0038,2026,0.06141264736652374,0,0
A03567,S1577,C018,J0010,2023,0.1090690940618515,0,0
A03568,S0655,C007,J0233,2025,0.9559361338615417,1,1
A03569,S0161,C072,J0105,2026,0.1965150237083435,0,0
A03570,S0606,C130,J0092,2026,0.8898109197616577,1,1
A03571,S0223,C088,J0123,2025,0.059152547270059586,0,0
A03572,S1552,C002,J0211,2024,0.5511477589607239,1,0
A03573,S0487,C034,J0086,2026,0.13728678226470947,0,0
A03574,S0406,C112,J0264,2026,0.9254124760627747,1,1
A03575,S0696,C096,J0296,2024,0.09648527204990387,0,0
A03576,S1536,C113,J0190,2024,0.8715311884880066,1,1
A03577,S1069,C113,J0104,2024,0.10600633919239044,0,0
A03578,S1197,C112,J0264,2024,0.2809155583381653,0,0
A03579,S0730,C127,J0063,2023,0.9466602206230164,1,1
A03580,S1164,C049,J0095,2026,0.9748837947845459,1,1
A03581,S1353,C058,J0057,2023,0.9731205701828003,1,1
A03582,S0983,C113,J0048,2025,0.8607380986213684,1,1
A03583,S0943,C005,J0004,2026,0.7270438075065613,1,0
A03584,S0471,C109,J0156,2026,0.12939506769180298,0,0
A03585,S1184,C122,J0171,2024,0.9008515477180481,1,1
A03586,S1204,C140,J0133,2026,0.9751093983650208,1,1
A03587,S1099,C128,J0084,2023,0.19255709648132324,0,0
A03588,S1618,C060,J0222,2025,0.9631930589675903,1,1
A03589,S0700,C052,J0112,2026,0.12053576856851578,0,0
A03590,S0429,C081,J0108,2025,0.907749354839325,1,1
A03591,S0025,C048,J0202,2023,0.13345271348953247,0,0
A03592,S1154,C122,J0088,2024,0.05891677364706993,0,0
A03593,S1537,C050,J0265,2024,0.16403143107891083,0,0
A03594,S1065,C018,J0010,2024,0.2508145570755005,0,0
A03595,S0506,C057,J0289,2026,0.11690733581781387,0,1
A03596,S0749,C127,J0063,2024,0.07532361894845963,0,0
A03597,S0978,C020,J0011,2026,0.05298851802945137,0,0
A03598,S1093,C048,J0212,2026,0.9698976874351501,1,1
A03599,S0961,C022,J0238,2024,0.9738620519638062,1,1
A03600,S0879,C058,J0229,2026,0.7318543195724487,1,0
A03601,S0755,C120,J0137,2026,0.13163146376609802,0,0
A03602,S0199,C087,J0246,2026,0.09398660063743591,0,1
A03603,S0874,C043,J0221,2023,0.7462915182113647,1,1
A03604,S0600,C012,J0091,2026,0.40102624893188477,0,0
A03605,S1689,C087,J0068,2026,0.9665611982345581,1,1
A03606,S0402,C079,J0294,2026,0.30759066343307495,0,0
A03607,S1379,C105,J0098,2024,0.08373548090457916,0,0
A03608,S1216,C078,J0026,2025,0.1439768671989441,0,1
A03609,S0579,C109,J0217,2026,0.9599992632865906,1,1
A03610,S0261,C030,J0269,2024,0.49018633365631104,0,1
A03611,S1635,C131,J0173,2026,0.9759495258331299,1,1
A03612,S0677,C089,J0001,2024,0.9717401266098022,1,1
A03613,S1222,C118,J0228,2024,0.8400956392288208,1,1
A03614,S0158,C012,J0091,2026,0.9768356084823608,1,1
A03615,S0038,C046,J0214,2025,0.6485008001327515,1,0
A03616,S0483,C130,J0207,2024,0.07335830479860306,0,0
A03617,S1252,C121,J0140,2023,0.9336374998092651,1,1
A03618,S0713,C018,J0205,2024,0.9135021567344666,1,1
A03619,S0341,C116,J0139,2024,0.8392301201820374,1,1
A03620,S1528,C116,J0046,2024,0.20820054411888123,0,0
A03621,S0414,C065,J0184,2026,0.9735516905784607,1,1
A03622,S0926,C125,J0142,2026,0.07005111873149872,0,0
A03623,S0294,C011,J0012,2025,0.9723777174949646,1,1
A03624,S1214,C106,J0196,2025,0.33271822333335876,0,1
A03625,S1008,C089,J0266,2024,0.9757611751556396,1,1
A03626,S0262,C017,J0262,2025,0.976500391960144,1,1
A03627,S0400,C003,J0245,2024,0.08735024929046631,0,0
A03628,S0892,C122,J0171,2026,0.7874464988708496,1,1
A03629,S0662,C055,J0249,2026,0.07961911708116531,0,0
A03630,S0608,C078,J0232,2026,0.9489387273788452,1,1
A03631,S0872,C052,J0101,2024,0.8210377097129822,1,1
A03632,S1019,C019,J0107,2025,0.9464074373245239,1,0
A03633,S0778,C082,J0158,2025,0.9112136960029602,1,1
A03634,S0818,C127,J0041,2025,0.8312141299247742,1,0
A03635,S1665,C116,J0139,2026,0.9745047688484192,1,1
A03636,S0284,C049,J0297,2026,0.8947734832763672,1,1
A03637,S1015,C111,J0125,2025,0.32456380128860474,0,0
A03638,S1276,C123,J0019,2025,0.3469966650009155,0,1
A03639,S0281,C087,J0206,2024,0.8921711444854736,1,0
A03640,S1046,C111,J0235,2026,0.8286468982696533,1,1
A03641,S0987,C056,J0164,2026,0.7859442830085754,1,1
A03642,S0079,C069,J0152,2023,0.1248154416680336,0,0
A03643,S1210,C028,J0076,2024,0.07090867310762405,0,0
A03644,S1680,C089,J0009,2026,0.975602388381958,1,1
A03645,S1655,C117,J0037,2026,0.9508214592933655,1,1
A03646,S0858,C001,J0040,2023,0.14465691149234772,0,0
A03647,S1397,C047,J0227,2025,0.9359650015830994,1,1
A03648,S0600,C130,J0299,2026,0.7855537533760071,1,1
A03649,S0881,C128,J0285,2026,0.15710286796092987,0,1
A03650,S0277,C041,J0194,2025,0.9389427900314331,1,0
A03651,S1317,C103,J0298,2026,0.40922239422798157,0,0
A03652,S0445,C049,J0297,2026,0.6925209760665894,1,0
A03653,S0049,C085,J0255,2026,0.9219602942466736,1,1
A03654,S1404,C117,J0102,2025,0.9545931816101074,1,1
A03655,S0998,C093,J0083,2025,0.1340096890926361,0,0
A03656,S1186,C006,J0114,2024,0.08385497331619263,0,0
A03657,S0846,C103,J0298,2026,0.9761766195297241,1,1
A03658,S1451,C127,J0067,2026,0.9533412456512451,1,1
A03659,S0231,C041,J0194,2026,0.969452440738678,1,1
A03660,S1068,C052,J0112,2024,0.12155736982822418,0,0
A03661,S0420,C048,J0066,2025,0.15554234385490417,0,0
A03662,S1230,C047,J0227,2025,0.9179418683052063,1,1
A03663,S0247,C075,J0165,2026,0.18802598118782043,0,1
A03664,S0086,C131,J0173,2025,0.955389678478241,1,1
A03665,S0513,C002,J0271,2024,0.23222993314266205,0,1
A03666,S0520,C073,J0008,2023,0.9743806719779968,1,1
A03667,S0579,C104,J0148,2026,0.9580199718475342,1,1
A03668,S0002,C011,J0012,2023,0.2566807270050049,0,0
A03669,S0578,C120,J0137,2025,0.13467971980571747,0,0
A03670,S0765,C116,J0127,2024,0.9361422657966614,1,1
A03671,S1643,C092,J0031,2025,0.7565619945526123,1,1
A03672,S1555,C140,J0133,2023,0.9646031856536865,1,1
A03673,S0919,C062,J0051,2023,0.9652900695800781,1,1
A03674,S0225,C109,J0217,2026,0.28779563307762146,0,0
A03675,S1462,C138,J0282,2025,0.6260281205177307,1,1
A03676,S1494,C079,J0022,2026,0.7738462686538696,1,1
A03677,S0297,C040,J0182,2026,0.7889440059661865,1,0
A03678,S1439,C063,J0162,2024,0.9432184100151062,1,1
A03679,S0430,C020,J0011,2026,0.561333954334259,1,1
A03680,S0489,C078,J0026,2025,0.3381132185459137,0,0
A03681,S0328,C079,J0096,2024,0.9726118445396423,1,1
A03682,S1199,C046,J0214,2023,0.9545682072639465,1,1
A03683,S0677,C068,J0065,2024,0.9541837573051453,1,1
A03684,S0714,C065,J0184,2024,0.9144810438156128,1,1
A03685,S0113,C121,J0283,2026,0.10561370104551315,0,0
A03686,S0343,C121,J0224,2024,0.9765763282775879,1,1
A03687,S0326,C025,J0197,2026,0.5975114107131958,1,0
A03688,S1250,C043,J0174,2024,0.6709961295127869,1,0
A03689,S1331,C066,J0240,2026,0.6919161081314087,1,1
A03690,S1039,C014,J0219,2024,0.8261105418205261,1,1
A03691,S1196,C085,J0255,2024,0.22589774429798126,0,0
A03692,S0718,C113,J0190,2026,0.6800721287727356,1,1
A03693,S0007,C140,J0033,2025,0.33764323592185974,0,0
A03694,S0347,C018,J0168,2026,0.3852881193161011,0,1
A03695,S1486,C013,J0118,2024,0.9663071632385254,1,1
A03696,S0385,C007,J0160,2023,0.43411922454833984,0,0
A03697,S0518,C035,J0134,2023,0.12602470815181732,0,0
A03698,S0339,C127,J0041,2024,0.9678382277488708,1,1
A03699,S1561,C074,J0005,2026,0.0765175074338913,0,0
A03700,S1676,C122,J0132,2026,0.43426111340522766,0,1
A03701,S1465,C129,J0124,2023,0.06428578495979309,0,0
A03702,S1145,C075,J0165,2023,0.9717469811439514,1,1
A03703,S0088,C077,J0074,2025,0.9628744125366211,1,1
A03704,S0748,C106,J0196,2026,0.30983710289001465,0,0
A03705,S0295,C082,J0158,2025,0.08627446740865707,0,0
A03706,S1117,C096,J0060,2026,0.0914321169257164,0,0
A03707,S1166,C091,J0061,2026,0.3252004086971283,0,0
A03708,S1653,C122,J0119,2025,0.9239544868469238,1,0
A03709,S0583,C014,J0281,2024,0.17475275695323944,0,0
A03710,S1178,C048,J0212,2026,0.10457863658666611,0,0
A03711,S1182,C018,J0205,2025,0.09468493610620499,0,0
A03712,S1466,C056,J0049,2024,0.5880380272865295,1,1
A03713,S1561,C087,J0068,2023,0.0985068753361702,0,0
A03714,S1124,C077,J0074,2026,0.9052978754043579,1,1
A03715,S1529,C131,J0173,2023,0.2651403248310089,0,0
A03716,S0660,C086,J0258,2025,0.0665145292878151,0,0
A03717,S0448,C017,J0071,2024,0.9755712151527405,1,1
A03718,S1597,C088,J0123,2024,0.21850135922431946,0,0
A03719,S0982,C103,J0145,2026,0.19004075229167938,0,0
A03720,S0756,C111,J0235,2024,0.8577120900154114,1,1
A03721,S1296,C128,J0084,2024,0.9712773561477661,1,1
A03722,S0972,C113,J0190,2025,0.05361926928162575,0,0
A03723,S0536,C129,J0252,2026,0.9573734998703003,1,1
A03724,S0121,C082,J0158,2023,0.05545845255255699,0,0
A03725,S0003,C099,J0208,2025,0.37903672456741333,0,1
A03726,S1095,C125,J0142,2023,0.08762698620557785,0,0
A03727,S1371,C089,J0001,2026,0.9575535655021667,1,1
A03728,S0230,C140,J0121,2025,0.8120129704475403,1,1
A03729,S1121,C121,J0283,2026,0.9567622542381287,1,1
A03730,S1341,C013,J0185,2025,0.696060061454773,1,0
A03731,S1250,C050,J0277,2025,0.8479770421981812,1,1
A03732,S1222,C119,J0251,2026,0.72598797082901,1,1
A03733,S0722,C064,J0191,2025,0.9712537527084351,1,1
A03734,S0118,C021,J0290,2026,0.17628346383571625,0,0
A03735,S0811,C109,J0217,2026,0.9605302214622498,1,1
A03736,S1096,C140,J0133,2024,0.10471830517053604,0,0
A03737,S0613,C086,J0267,2024,0.08618209511041641,0,0
A03738,S0416,C125,J0142,2026,0.9744476079940796,1,1
A03739,S0040,C071,J0035,2024,0.41936004161834717,0,1
A03740,S1353,C033,J0189,2025,0.9681349992752075,1,1
A03741,S0571,C072,J0105,2026,0.9659885764122009,1,1
A03742,S0660,C061,J0097,2024,0.061313752084970474,0,0
A03743,S1116,C099,J0047,2023,0.9214728474617004,1,0
A03744,S0887,C120,J0137,2024,0.164046049118042,0,1
A03745,S1465,C015,J0129,2026,0.07388489693403244,0,0
A03746,S1640,C125,J0154,2024,0.13760638236999512,0,0
A03747,S0353,C026,J0136,2026,0.9232102632522583,1,1
A03748,S1572,C122,J0171,2025,0.11447484791278839,0,0
A03749,S1669,C081,J0108,2025,0.05867639183998108,0,0
A03750,S0508,C014,J0263,2023,0.689480721950531,1,1
A03751,S0699,C084,J0115,2024,0.06137631833553314,0,0
A03752,S0653,C093,J0161,2026,0.05838608369231224,0,0
A03753,S0182,C060,J0222,2026,0.9749028086662292,1,1
A03754,S1324,C108,J0234,2024,0.19504961371421814,0,0
A03755,S1345,C018,J0010,2025,0.9628035426139832,1,1
A03756,S0364,C113,J0288,2025,0.21515995264053345,0,0
A03757,S0109,C081,J0155,2026,0.9124509692192078,1,1
A03758,S0673,C013,J0185,2026,0.17992277443408966,0,0
A03759,S0639,C091,J0248,2024,0.6945494413375854,1,1
A03760,S1278,C025,J0002,2026,0.96555495262146,1,1
A03761,S0315,C110,J0027,2026,0.1803954839706421,0,0
A03762,S1414,C003,J0099,2026,0.9629223942756653,1,1
A03763,S0856,C010,J0295,2024,0.15891799330711365,0,0
A03764,S1103,C010,J0295,2025,0.29722872376441956,0,0
A03765,S0400,C040,J0038,2024,0.10317785292863846,0,0
A03766,S0203,C075,J0072,2025,0.17840377986431122,0,0
A03767,S0048,C103,J0159,2026,0.9633474349975586,1,1
A03768,S0516,C130,J0053,2023,0.19471901655197144,0,0
A03769,S0871,C017,J0071,2026,0.8040490746498108,1,1
A03770,S1031,C048,J0066,2023,0.22835490107536316,0,0
A03771,S0076,C119,J0251,2025,0.06011569872498512,0,0
A03772,S0468,C030,J0054,2025,0.0868886411190033,0,0
A03773,S0767,C043,J0174,2025,0.11098495870828629,0,1
A03774,S1486,C116,J0046,2023,0.8916880488395691,1,1
A03775,S0075,C022,J0030,2025,0.1278386265039444,0,0
A03776,S0124,C052,J0175,2026,0.32781437039375305,0,0
A03777,S1324,C127,J0067,2025,0.11317344754934311,0,1
A03778,S0523,C036,J0275,2023,0.9550832509994507,1,1
A03779,S1427,C122,J0223,2026,0.8537337183952332,1,0
A03780,S0192,C062,J0051,2024,0.7628114223480225,1,1
A03781,S1592,C059,J0177,2026,0.41737625002861023,0,0
A03782,S1195,C121,J0283,2023,0.9341126680374146,1,1
A03783,S0928,C122,J0280,2026,0.9628592729568481,1,1
A03784,S0003,C035,J0134,2024,0.13965140283107758,0,0
A03785,S0317,C069,J0152,2024,0.8026151061058044,1,1
A03786,S1488,C127,J0063,2025,0.9693949818611145,1,1
A03787,S1623,C014,J0263,2023,0.8162791132926941,1,0
A03788,S0918,C078,J0232,2026,0.23416931927204132,0,1
A03789,S0217,C028,J0024,2025,0.08297006785869598,0,0
A03790,S0260,C097,J0064,2025,0.3159577548503876,0,0
A03791,S0830,C007,J0160,2026,0.13820584118366241,0,1
A03792,S1210,C045,J0243,2025,0.06579182296991348,0,0
A03793,S1472,C110,J0027,2024,0.9573370218276978,1,0
A03794,S0784,C119,J0251,2023,0.04469570145010948,0,0
A03795,S0488,C140,J0121,2024,0.15311653912067413,0,0
A03796,S0111,C078,J0232,2025,0.05052534490823746,0,0
A03797,S1062,C018,J0205,2024,0.3303428888320923,0,0
A03798,S0629,C108,J0234,2026,0.9587182998657227,1,1
A03799,S1282,C004,J0268,2026,0.9581531882286072,1,1
A03800,S1394,C105,J0098,2026,0.2102978527545929,0,1
A03801,S1008,C035,J0134,2025,0.966539204120636,1,1
A03802,S1599,C138,J0282,2025,0.7139050960540771,1,1
A03803,S0803,C051,J0141,2026,0.9763433337211609,1,1
A03804,S0401,C024,J0113,2023,0.062004100531339645,0,0
A03805,S0380,C028,J0024,2023,0.7858178615570068,1,1
A03806,S0929,C017,J0071,2026,0.742621898651123,1,1
A03807,S1080,C066,J0240,2026,0.5057573318481445,1,0
A03808,S0426,C060,J0222,2024,0.9637281894683838,1,1
A03809,S1445,C045,J0169,2024,0.5464993119239807,1,1
A03810,S0379,C028,J0242,2024,0.9582696557044983,1,1
A03811,S1284,C101,J0070,2026,0.09463608264923096,0,0
A03812,S0328,C130,J0092,2023,0.968880832195282,1,1
A03813,S0416,C049,J0192,2026,0.974700391292572,1,1
A03814,S1667,C082,J0122,2025,0.9787485599517822,1,1
A03815,S0730,C059,J0045,2023,0.9681928753852844,1,1
A03816,S1648,C102,J0179,2024,0.09072669595479965,0,0
A03817,S1427,C062,J0051,2024,0.91213059425354,1,1
A03818,S1315,C140,J0044,2025,0.9188625812530518,1,1
A03819,S0987,C060,J0222,2024,0.7424219846725464,1,1
A03820,S1396,C014,J0219,2024,0.06559965014457703,0,0
A03821,S0420,C082,J0122,2025,0.22406595945358276,0,1
A03822,S1019,C028,J0034,2025,0.9521852135658264,1,1
A03823,S1148,C083,J0274,2023,0.08672336488962173,0,1
A03824,S0242,C058,J0256,2023,0.9537658095359802,1,1
A03825,S1165,C026,J0136,2025,0.4685611426830292,0,1
A03826,S0429,C122,J0088,2023,0.8593537211418152,1,1
A03827,S0853,C013,J0185,2023,0.94883131980896,1,1
A03828,S0946,C123,J0019,2026,0.05339328944683075,0,0
A03829,S1123,C127,J0063,2024,0.07315238565206528,0,0
A03830,S1284,C051,J0209,2023,0.1780129075050354,0,0
A03831,S0269,C028,J0034,2023,0.09044504910707474,0,0
A03832,S0529,C109,J0156,2024,0.21989458799362183,0,0
A03833,S1544,C001,J0180,2024,0.6530784368515015,1,0
A03834,S1440,C007,J0167,2024,0.9760041236877441,1,1
A03835,S0549,C059,J0045,2023,0.8645111322402954,1,1
A03836,S1409,C013,J0185,2023,0.06335752457380295,0,0
A03837,S0006,C108,J0234,2025,0.9743764996528625,1,1
A03838,S1252,C040,J0182,2025,0.761440634727478,1,1
A03839,S0443,C105,J0098,2026,0.8977518677711487,1,1
A03840,S1308,C070,J0013,2026,0.9696378707885742,1,1
A03841,S1633,C086,J0258,2026,0.11935354024171829,0,0
A03842,S0798,C077,J0199,2023,0.5902333855628967,1,1
A03843,S1181,C014,J0219,2023,0.9100950360298157,1,1
A03844,S0059,C024,J0284,2025,0.5307323336601257,1,1
A03845,S0760,C021,J0290,2026,0.8627246022224426,1,1
A03846,S0213,C050,J0265,2024,0.07582028210163116,0,0
A03847,S0411,C013,J0185,2025,0.9103543162345886,1,0
A03848,S0489,C120,J0137,2023,0.4587814509868622,0,0
A03849,S0102,C058,J0057,2026,0.9665213823318481,1,1
A03850,S1257,C019,J0107,2025,0.9541213512420654,1,1
A03851,S0908,C057,J0016,2023,0.07490915060043335,0,0
A03852,S1015,C033,J0189,2026,0.09173725545406342,0,0
A03853,S1641,C110,J0027,2024,0.094342440366745,0,0
A03854,S1698,C049,J0052,2025,0.19528578221797943,0,0
A03855,S0303,C130,J0225,2025,0.9057148694992065,1,1
A03856,S1154,C128,J0231,2025,0.0688060000538826,0,0
A03857,S1183,C014,J0219,2025,0.14004695415496826,0,0
A03858,S1653,C031,J0020,2023,0.9380550384521484,1,1
A03859,S1244,C059,J0226,2025,0.17506840825080872,0,0
A03860,S1189,C108,J0234,2024,0.056289881467819214,0,0
A03861,S0575,C035,J0134,2026,0.39690807461738586,0,0
A03862,S0074,C133,J0218,2024,0.9349105954170227,1,1
A03863,S0209,C115,J0201,2026,0.9668539762496948,1,1
A03864,S1222,C085,J0089,2026,0.8571531176567078,1,1
A03865,S0898,C085,J0130,2024,0.06009814143180847,0,0
A03866,S0835,C028,J0076,2025,0.9775060415267944,1,1
A03867,S0954,C023,J0166,2026,0.9334656000137329,1,1
A03868,S0555,C135,J0172,2025,0.7748405337333679,1,0
A03869,S1337,C059,J0014,2025,0.9762914776802063,1,1
A03870,S1293,C040,J0182,2023,0.9743325710296631,1,1
A03871,S1181,C091,J0082,2024,0.9599406123161316,1,1
A03872,S0918,C043,J0221,2025,0.6673704981803894,1,1
A03873,S1341,C045,J0243,2026,0.8257676959037781,1,1
A03874,S0102,C105,J0098,2025,0.9674220085144043,1,0
A03875,S1213,C070,J0058,2025,0.11919263750314713,0,0
A03876,S1121,C002,J0211,2024,0.9657500386238098,1,1
A03877,S0542,C071,J0035,2026,0.9674094915390015,1,1
A03878,S1339,C025,J0170,2025,0.9641718864440918,1,1
A03879,S1449,C136,J0029,2023,0.9295199513435364,1,1
A03880,S0629,C124,J0241,2023,0.7158697843551636,1,0
A03881,S1381,C078,J0026,2025,0.16170376539230347,0,0
A03882,S0181,C020,J0204,2024,0.9667129516601562,1,1
A03883,S1257,C077,J0287,2024,0.9724948406219482,1,1
A03884,S1189,C018,J0010,2024,0.06140632554888725,0,0
A03885,S1453,C127,J0041,2025,0.12537994980812073,0,0
A03886,S0251,C128,J0111,2026,0.14560526609420776,0,0
A03887,S0987,C099,J0047,2023,0.8256648778915405,1,1
A03888,S0296,C093,J0161,2025,0.2078200727701187,0,1
A03889,S1577,C088,J0123,2025,0.06470931321382523,0,0
A03890,S0585,C129,J0124,2024,0.3855747878551483,0,0
A03891,S0533,C110,J0078,2024,0.22832858562469482,0,0
A03892,S1086,C079,J0022,2024,0.07483365386724472,0,0
A03893,S0088,C032,J0138,2026,0.96790611743927,1,1
A03894,S0129,C007,J0167,2026,0.25806349515914917,0,0
A03895,S0814,C028,J0015,2026,0.9707823395729065,1,1
A03896,S1528,C055,J0090,2026,0.8225800395011902,1,1
A03897,S1008,C106,J0196,2026,0.9721135497093201,1,1
A03898,S0883,C081,J0093,2024,0.8647456765174866,1,1
A03899,S0192,C001,J0117,2026,0.28808867931365967,0,0
A03900,S0439,C014,J0263,2026,0.22438479959964752,0,0
A03901,S1650,C014,J0281,2025,0.10277826339006424,0,0
A03902,S0692,C045,J0169,2025,0.37800920009613037,0,1
A03903,S1127,C006,J0114,2025,0.4040035903453827,0,1
A03904,S1251,C121,J0140,2025,0.3825616240501404,0,0
A03905,S0481,C061,J0043,2025,0.08246797323226929,0,0
A03906,S0534,C034,J0086,2026,0.9020464420318604,1,0
A03907,S1298,C004,J0268,2025,0.1207917183637619,0,0
A03908,S0999,C091,J0082,2026,0.9389435648918152,1,1
A03909,S1016,C004,J0268,2024,0.9080929756164551,1,1
A03910,S0536,C050,J0265,2025,0.9647536277770996,1,1
A03911,S0984,C013,J0198,2024,0.7992171049118042,1,1
A03912,S0586,C105,J0098,2026,0.887683093547821,1,1
A03913,S1137,C112,J0264,2026,0.8171625137329102,1,1
A03914,S0797,C137,J0300,2025,0.7587913274765015,1,1
A03915,S0382,C056,J0049,2024,0.9006331562995911,1,1
A03916,S0376,C028,J0024,2026,0.18903635442256927,0,0
A03917,S0644,C104,J0148,2023,0.6761485934257507,1,1
A03918,S1444,C041,J0194,2026,0.11435507237911224,0,0
A03919,S1646,C125,J0142,2026,0.06579853594303131,0,0
A03920,S1659,C034,J0036,2026,0.9769460558891296,1,1
A03921,S1307,C049,J0192,2025,0.05325842648744583,0,0
A03922,S0169,C001,J0040,2023,0.08182182908058167,0,0
A03923,S0778,C037,J0143,2024,0.21653792262077332,0,0
A03924,S1041,C116,J0046,2024,0.5283478498458862,1,0
A03925,S0808,C100,J0247,2025,0.9654200077056885,1,1
A03926,S0681,C070,J0013,2025,0.9645484089851379,1,1
A03927,S1187,C113,J0193,2025,0.9152073264122009,1,1
A03928,S1076,C046,J0028,2024,0.9770335555076599,1,1
A03929,S0498,C011,J0253,2023,0.6561114192008972,1,0
A03930,S1095,C074,J0094,2023,0.09188812226057053,0,0
A03931,S0267,C092,J0031,2026,0.7664867043495178,1,0
A03932,S1090,C057,J0016,2025,0.9476009607315063,1,1
A03933,S1054,C122,J0223,2024,0.9642297625541687,1,1
A03934,S0980,C093,J0161,2026,0.06859110295772552,0,0
A03935,S0534,C049,J0095,2025,0.7466767430305481,1,0
A03936,S1434,C052,J0112,2026,0.06422965973615646,0,0
A03937,S0753,C068,J0276,2026,0.9693096280097961,1,1
A03938,S0904,C028,J0015,2025,0.30134180188179016,0,0
A03939,S0786,C020,J0011,2024,0.08127360045909882,0,0
A03940,S0557,C001,J0180,2023,0.9558333158493042,1,1
A03941,S0999,C136,J0254,2023,0.9133215546607971,1,1
A03942,S1254,C085,J0216,2026,0.055955711752176285,0,0
A03943,S1674,C057,J0289,2023,0.06726361066102982,0,0
A03944,S1148,C093,J0161,2023,0.0647929310798645,0,0
A03945,S1127,C007,J0261,2024,0.6312981843948364,1,1
A03946,S1254,C124,J0176,2026,0.0470050610601902,0,0
A03947,S1205,C111,J0125,2026,0.9035372734069824,1,1
A03948,S1107,C133,J0218,2023,0.12313230335712433,0,0
A03949,S0235,C113,J0190,2024,0.9599239230155945,1,1
A03950,S0755,C043,J0174,2025,0.08971694111824036,0,0
A03951,S1442,C032,J0138,2023,0.4627147614955902,0,1
A03952,S1500,C101,J0070,2024,0.8105871677398682,1,1
A03953,S1549,C068,J0151,2025,0.9621114134788513,1,1
A03954,S1309,C068,J0151,2024,0.12540492415428162,0,0
A03955,S1024,C117,J0102,2024,0.2355215847492218,0,0
A03956,S0522,C064,J0215,2025,0.9732998013496399,1,1
A03957,S1516,C051,J0209,2023,0.06469455361366272,0,0
A03958,S0788,C078,J0232,2025,0.09882140904664993,0,0
A03959,S0076,C052,J0175,2024,0.06018391251564026,0,0
A03960,S1198,C093,J0161,2024,0.07887904345989227,0,0
A03961,S0240,C137,J0087,2023,0.12639127671718597,0,0
A03962,S1511,C021,J0290,2024,0.9625226259231567,1,1
A03963,S0454,C129,J0252,2023,0.967677891254425,1,1
A03964,S1335,C040,J0182,2026,0.13354414701461792,0,1
A03965,S1416,C110,J0220,2023,0.9575836658477783,1,1
A03966,S1183,C031,J0020,2026,0.7712079882621765,1,1
A03967,S0064,C050,J0265,2026,0.9731218218803406,1,1
A03968,S1553,C061,J0097,2024,0.05625956878066063,0,0
A03969,S1147,C021,J0290,2024,0.21400701999664307,0,0
A03970,S1603,C079,J0022,2024,0.27752822637557983,0,1
A03971,S1061,C033,J0189,2024,0.05471375584602356,0,0
A03972,S0033,C055,J0090,2026,0.9700710773468018,1,1
A03973,S0223,C049,J0297,2023,0.10034037381410599,0,0
A03974,S0928,C061,J0097,2026,0.9546219706535339,1,1
A03975,S0997,C131,J0173,2026,0.9601959586143494,1,1
A03976,S0459,C130,J0225,2025,0.9498993754386902,1,1
A03977,S0037,C102,J0006,2025,0.08831439912319183,0,0
A03978,S0359,C059,J0177,2023,0.9725350737571716,1,1
A03979,S1063,C128,J0111,2026,0.9636020660400391,1,0
A03980,S0534,C013,J0198,2024,0.34396806359291077,0,0
A03981,S1571,C137,J0300,2025,0.803993821144104,1,1
A03982,S0899,C061,J0043,2023,0.9746618866920471,1,1
A03983,S0362,C068,J0151,2026,0.8399753570556641,1,1
A03984,S0451,C052,J0101,2025,0.9544305801391602,1,1
A03985,S1052,C077,J0074,2024,0.962459146976471,1,1
A03986,S1494,C032,J0050,2026,0.9637660384178162,1,1
A03987,S1173,C128,J0285,2026,0.8241296410560608,1,0
A03988,S0399,C049,J0052,2026,0.9782876372337341,1,1
A03989,S1687,C071,J0270,2024,0.31623417139053345,0,0
A03990,S0141,C001,J0117,2024,0.9676989912986755,1,1
A03991,S1141,C081,J0236,2026,0.9421331882476807,1,1
A03992,S0220,C050,J0277,2024,0.9702768325805664,1,1
A03993,S1446,C051,J0209,2025,0.3210057020187378,0,0
A03994,S0628,C007,J0167,2025,0.9439521431922913,1,1
A03995,S0320,C122,J0223,2025,0.7174938917160034,1,0
A03996,S0640,C039,J0106,2025,0.9574615359306335,1,1
A03997,S0130,C091,J0062,2024,0.084339939057827,0,0
A03998,S1494,C007,J0261,2026,0.8099629282951355,1,1
A03999,S0927,C077,J0287,2025,0.07517499476671219,0,0
A04000,S0839,C140,J0133,2025,0.8447980284690857,1,0
